,fold
AOI_2_Vegas_img1.tif,3
AOI_2_Vegas_img10.tif,1
AOI_2_Vegas_img100.tif,2
AOI_2_Vegas_img1001.tif,1
AOI_2_Vegas_img1002.tif,1
AOI_2_Vegas_img1003.tif,2
AOI_2_Vegas_img1008.tif,0
AOI_2_Vegas_img1012.tif,1
AOI_2_Vegas_img1014.tif,3
AOI_2_Vegas_img1015.tif,3
AOI_2_Vegas_img1018.tif,0
AOI_2_Vegas_img102.tif,1
AOI_2_Vegas_img1020.tif,0
AOI_2_Vegas_img1023.tif,2
AOI_2_Vegas_img1025.tif,0
AOI_2_Vegas_img1027.tif,2
AOI_2_Vegas_img1028.tif,3
AOI_2_Vegas_img1029.tif,2
AOI_2_Vegas_img103.tif,1
AOI_2_Vegas_img1030.tif,2
AOI_2_Vegas_img1032.tif,1
AOI_2_Vegas_img1033.tif,0
AOI_2_Vegas_img1034.tif,2
AOI_2_Vegas_img1035.tif,2
AOI_2_Vegas_img1036.tif,3
AOI_2_Vegas_img1037.tif,1
AOI_2_Vegas_img1038.tif,3
AOI_2_Vegas_img1039.tif,1
AOI_2_Vegas_img104.tif,0
AOI_2_Vegas_img1041.tif,0
AOI_2_Vegas_img1042.tif,1
AOI_2_Vegas_img1047.tif,3
AOI_2_Vegas_img105.tif,2
AOI_2_Vegas_img1050.tif,0
AOI_2_Vegas_img1051.tif,0
AOI_2_Vegas_img1052.tif,0
AOI_2_Vegas_img1054.tif,2
AOI_2_Vegas_img1055.tif,2
AOI_2_Vegas_img1058.tif,1
AOI_2_Vegas_img106.tif,2
AOI_2_Vegas_img1061.tif,3
AOI_2_Vegas_img1062.tif,2
AOI_2_Vegas_img1063.tif,0
AOI_2_Vegas_img1064.tif,1
AOI_2_Vegas_img1065.tif,2
AOI_2_Vegas_img1066.tif,3
AOI_2_Vegas_img1068.tif,3
AOI_2_Vegas_img107.tif,1
AOI_2_Vegas_img1071.tif,2
AOI_2_Vegas_img1073.tif,2
AOI_2_Vegas_img1075.tif,2
AOI_2_Vegas_img1076.tif,0
AOI_2_Vegas_img1077.tif,1
AOI_2_Vegas_img1079.tif,3
AOI_2_Vegas_img108.tif,0
AOI_2_Vegas_img1080.tif,1
AOI_2_Vegas_img1081.tif,3
AOI_2_Vegas_img1082.tif,0
AOI_2_Vegas_img1083.tif,3
AOI_2_Vegas_img1089.tif,1
AOI_2_Vegas_img109.tif,2
AOI_2_Vegas_img1090.tif,3
AOI_2_Vegas_img1091.tif,3
AOI_2_Vegas_img1092.tif,2
AOI_2_Vegas_img1093.tif,1
AOI_2_Vegas_img1096.tif,0
AOI_2_Vegas_img1097.tif,0
AOI_2_Vegas_img1100.tif,2
AOI_2_Vegas_img1101.tif,3
AOI_2_Vegas_img1103.tif,1
AOI_2_Vegas_img1104.tif,2
AOI_2_Vegas_img1105.tif,1
AOI_2_Vegas_img1106.tif,1
AOI_2_Vegas_img1107.tif,0
AOI_2_Vegas_img1108.tif,0
AOI_2_Vegas_img1109.tif,2
AOI_2_Vegas_img1111.tif,2
AOI_2_Vegas_img1113.tif,0
AOI_2_Vegas_img1116.tif,2
AOI_2_Vegas_img1118.tif,1
AOI_2_Vegas_img1119.tif,0
AOI_2_Vegas_img1121.tif,1
AOI_2_Vegas_img1122.tif,2
AOI_2_Vegas_img1123.tif,1
AOI_2_Vegas_img1125.tif,3
AOI_2_Vegas_img1126.tif,0
AOI_2_Vegas_img1128.tif,2
AOI_2_Vegas_img113.tif,2
AOI_2_Vegas_img1132.tif,3
AOI_2_Vegas_img1136.tif,1
AOI_2_Vegas_img1139.tif,2
AOI_2_Vegas_img1140.tif,3
AOI_2_Vegas_img1141.tif,3
AOI_2_Vegas_img1142.tif,1
AOI_2_Vegas_img1145.tif,2
AOI_2_Vegas_img1146.tif,0
AOI_2_Vegas_img1147.tif,0
AOI_2_Vegas_img115.tif,0
AOI_2_Vegas_img1150.tif,2
AOI_2_Vegas_img1154.tif,0
AOI_2_Vegas_img1155.tif,3
AOI_2_Vegas_img1159.tif,1
AOI_2_Vegas_img116.tif,0
AOI_2_Vegas_img1160.tif,0
AOI_2_Vegas_img1161.tif,0
AOI_2_Vegas_img1162.tif,2
AOI_2_Vegas_img1164.tif,3
AOI_2_Vegas_img1165.tif,0
AOI_2_Vegas_img1167.tif,2
AOI_2_Vegas_img117.tif,3
AOI_2_Vegas_img1172.tif,0
AOI_2_Vegas_img1173.tif,3
AOI_2_Vegas_img1174.tif,3
AOI_2_Vegas_img1177.tif,2
AOI_2_Vegas_img118.tif,0
AOI_2_Vegas_img1180.tif,1
AOI_2_Vegas_img1181.tif,3
AOI_2_Vegas_img1183.tif,0
AOI_2_Vegas_img1184.tif,1
AOI_2_Vegas_img1185.tif,2
AOI_2_Vegas_img1186.tif,1
AOI_2_Vegas_img1187.tif,1
AOI_2_Vegas_img119.tif,2
AOI_2_Vegas_img1190.tif,2
AOI_2_Vegas_img1194.tif,1
AOI_2_Vegas_img1195.tif,3
AOI_2_Vegas_img1196.tif,3
AOI_2_Vegas_img1197.tif,3
AOI_2_Vegas_img1199.tif,3
AOI_2_Vegas_img12.tif,2
AOI_2_Vegas_img1200.tif,3
AOI_2_Vegas_img1201.tif,2
AOI_2_Vegas_img1203.tif,2
AOI_2_Vegas_img1206.tif,2
AOI_2_Vegas_img1209.tif,1
AOI_2_Vegas_img121.tif,3
AOI_2_Vegas_img1211.tif,0
AOI_2_Vegas_img1212.tif,2
AOI_2_Vegas_img1214.tif,0
AOI_2_Vegas_img1221.tif,3
AOI_2_Vegas_img1222.tif,3
AOI_2_Vegas_img1223.tif,1
AOI_2_Vegas_img1224.tif,1
AOI_2_Vegas_img1226.tif,1
AOI_2_Vegas_img1227.tif,1
AOI_2_Vegas_img1229.tif,0
AOI_2_Vegas_img1231.tif,1
AOI_2_Vegas_img1232.tif,0
AOI_2_Vegas_img1234.tif,1
AOI_2_Vegas_img1235.tif,2
AOI_2_Vegas_img1236.tif,0
AOI_2_Vegas_img1237.tif,0
AOI_2_Vegas_img1238.tif,0
AOI_2_Vegas_img124.tif,0
AOI_2_Vegas_img1241.tif,0
AOI_2_Vegas_img1243.tif,1
AOI_2_Vegas_img1244.tif,1
AOI_2_Vegas_img1250.tif,0
AOI_2_Vegas_img1251.tif,1
AOI_2_Vegas_img1253.tif,0
AOI_2_Vegas_img1254.tif,2
AOI_2_Vegas_img1255.tif,1
AOI_2_Vegas_img1258.tif,3
AOI_2_Vegas_img126.tif,0
AOI_2_Vegas_img1260.tif,0
AOI_2_Vegas_img1262.tif,3
AOI_2_Vegas_img1265.tif,3
AOI_2_Vegas_img1268.tif,3
AOI_2_Vegas_img1270.tif,2
AOI_2_Vegas_img1272.tif,0
AOI_2_Vegas_img1273.tif,0
AOI_2_Vegas_img1275.tif,1
AOI_2_Vegas_img1277.tif,0
AOI_2_Vegas_img1279.tif,1
AOI_2_Vegas_img1283.tif,3
AOI_2_Vegas_img1284.tif,0
AOI_2_Vegas_img1286.tif,2
AOI_2_Vegas_img1288.tif,0
AOI_2_Vegas_img1289.tif,3
AOI_2_Vegas_img1290.tif,0
AOI_2_Vegas_img1292.tif,1
AOI_2_Vegas_img1293.tif,1
AOI_2_Vegas_img1294.tif,2
AOI_2_Vegas_img1295.tif,3
AOI_2_Vegas_img1296.tif,0
AOI_2_Vegas_img1298.tif,0
AOI_2_Vegas_img1299.tif,1
AOI_2_Vegas_img130.tif,3
AOI_2_Vegas_img1300.tif,1
AOI_2_Vegas_img1302.tif,2
AOI_2_Vegas_img1303.tif,1
AOI_2_Vegas_img1304.tif,3
AOI_2_Vegas_img1306.tif,2
AOI_2_Vegas_img1307.tif,3
AOI_2_Vegas_img1308.tif,0
AOI_2_Vegas_img1309.tif,3
AOI_2_Vegas_img131.tif,0
AOI_2_Vegas_img1311.tif,1
AOI_2_Vegas_img1313.tif,1
AOI_2_Vegas_img1314.tif,0
AOI_2_Vegas_img1315.tif,1
AOI_2_Vegas_img1319.tif,2
AOI_2_Vegas_img1322.tif,0
AOI_2_Vegas_img1324.tif,1
AOI_2_Vegas_img1325.tif,0
AOI_2_Vegas_img1326.tif,0
AOI_2_Vegas_img1327.tif,2
AOI_2_Vegas_img1328.tif,3
AOI_2_Vegas_img1329.tif,3
AOI_2_Vegas_img133.tif,1
AOI_2_Vegas_img1330.tif,2
AOI_2_Vegas_img1331.tif,2
AOI_2_Vegas_img1332.tif,1
AOI_2_Vegas_img1333.tif,2
AOI_2_Vegas_img1335.tif,2
AOI_2_Vegas_img1338.tif,2
AOI_2_Vegas_img1339.tif,0
AOI_2_Vegas_img134.tif,3
AOI_2_Vegas_img1344.tif,3
AOI_2_Vegas_img1345.tif,3
AOI_2_Vegas_img1346.tif,2
AOI_2_Vegas_img1348.tif,0
AOI_2_Vegas_img1349.tif,2
AOI_2_Vegas_img1351.tif,1
AOI_2_Vegas_img1355.tif,3
AOI_2_Vegas_img1356.tif,2
AOI_2_Vegas_img1358.tif,2
AOI_2_Vegas_img1359.tif,0
AOI_2_Vegas_img1360.tif,1
AOI_2_Vegas_img1367.tif,0
AOI_2_Vegas_img1368.tif,1
AOI_2_Vegas_img1370.tif,2
AOI_2_Vegas_img1371.tif,2
AOI_2_Vegas_img1372.tif,3
AOI_2_Vegas_img1376.tif,1
AOI_2_Vegas_img1377.tif,1
AOI_2_Vegas_img1379.tif,2
AOI_2_Vegas_img1380.tif,2
AOI_2_Vegas_img1382.tif,0
AOI_2_Vegas_img1383.tif,3
AOI_2_Vegas_img1384.tif,1
AOI_2_Vegas_img1385.tif,2
AOI_2_Vegas_img1386.tif,1
AOI_2_Vegas_img139.tif,3
AOI_2_Vegas_img1390.tif,1
AOI_2_Vegas_img1391.tif,3
AOI_2_Vegas_img1392.tif,1
AOI_2_Vegas_img1393.tif,0
AOI_2_Vegas_img1395.tif,2
AOI_2_Vegas_img1396.tif,2
AOI_2_Vegas_img1398.tif,3
AOI_2_Vegas_img1399.tif,2
AOI_2_Vegas_img1400.tif,3
AOI_2_Vegas_img1401.tif,0
AOI_2_Vegas_img1402.tif,1
AOI_2_Vegas_img1403.tif,2
AOI_2_Vegas_img1404.tif,0
AOI_2_Vegas_img1407.tif,1
AOI_2_Vegas_img1408.tif,3
AOI_2_Vegas_img1409.tif,3
AOI_2_Vegas_img141.tif,2
AOI_2_Vegas_img1410.tif,0
AOI_2_Vegas_img1411.tif,3
AOI_2_Vegas_img1412.tif,3
AOI_2_Vegas_img1413.tif,2
AOI_2_Vegas_img1415.tif,2
AOI_2_Vegas_img1417.tif,0
AOI_2_Vegas_img1418.tif,2
AOI_2_Vegas_img1419.tif,0
AOI_2_Vegas_img142.tif,1
AOI_2_Vegas_img1420.tif,1
AOI_2_Vegas_img1421.tif,1
AOI_2_Vegas_img1422.tif,2
AOI_2_Vegas_img1424.tif,2
AOI_2_Vegas_img1426.tif,0
AOI_2_Vegas_img1427.tif,3
AOI_2_Vegas_img143.tif,0
AOI_2_Vegas_img1431.tif,3
AOI_2_Vegas_img1432.tif,2
AOI_2_Vegas_img1433.tif,2
AOI_2_Vegas_img1434.tif,3
AOI_2_Vegas_img1438.tif,0
AOI_2_Vegas_img1439.tif,1
AOI_2_Vegas_img144.tif,3
AOI_2_Vegas_img1442.tif,0
AOI_2_Vegas_img1443.tif,0
AOI_2_Vegas_img1448.tif,2
AOI_2_Vegas_img1449.tif,3
AOI_2_Vegas_img145.tif,3
AOI_2_Vegas_img1454.tif,0
AOI_2_Vegas_img1456.tif,3
AOI_2_Vegas_img1457.tif,2
AOI_2_Vegas_img1458.tif,0
AOI_2_Vegas_img1460.tif,2
AOI_2_Vegas_img1461.tif,1
AOI_2_Vegas_img1462.tif,2
AOI_2_Vegas_img1466.tif,0
AOI_2_Vegas_img1469.tif,2
AOI_2_Vegas_img147.tif,1
AOI_2_Vegas_img1472.tif,3
AOI_2_Vegas_img1479.tif,3
AOI_2_Vegas_img148.tif,2
AOI_2_Vegas_img1483.tif,2
AOI_2_Vegas_img1485.tif,2
AOI_2_Vegas_img1486.tif,3
AOI_2_Vegas_img1487.tif,1
AOI_2_Vegas_img1488.tif,0
AOI_2_Vegas_img1491.tif,1
AOI_2_Vegas_img1492.tif,1
AOI_2_Vegas_img1494.tif,1
AOI_2_Vegas_img1496.tif,2
AOI_2_Vegas_img1497.tif,0
AOI_2_Vegas_img1498.tif,0
AOI_2_Vegas_img1500.tif,0
AOI_2_Vegas_img1501.tif,1
AOI_2_Vegas_img1505.tif,3
AOI_2_Vegas_img1506.tif,0
AOI_2_Vegas_img1508.tif,2
AOI_2_Vegas_img151.tif,0
AOI_2_Vegas_img1511.tif,3
AOI_2_Vegas_img1512.tif,3
AOI_2_Vegas_img1513.tif,2
AOI_2_Vegas_img1514.tif,2
AOI_2_Vegas_img1515.tif,1
AOI_2_Vegas_img1516.tif,3
AOI_2_Vegas_img1517.tif,1
AOI_2_Vegas_img1518.tif,1
AOI_2_Vegas_img1520.tif,0
AOI_2_Vegas_img1521.tif,1
AOI_2_Vegas_img1522.tif,1
AOI_2_Vegas_img1523.tif,0
AOI_2_Vegas_img1524.tif,2
AOI_2_Vegas_img1525.tif,2
AOI_2_Vegas_img1527.tif,1
AOI_2_Vegas_img1529.tif,3
AOI_2_Vegas_img153.tif,2
AOI_2_Vegas_img1534.tif,2
AOI_2_Vegas_img1536.tif,0
AOI_2_Vegas_img1539.tif,0
AOI_2_Vegas_img154.tif,0
AOI_2_Vegas_img1540.tif,0
AOI_2_Vegas_img1541.tif,3
AOI_2_Vegas_img1542.tif,3
AOI_2_Vegas_img1545.tif,2
AOI_2_Vegas_img1546.tif,2
AOI_2_Vegas_img1548.tif,3
AOI_2_Vegas_img1549.tif,1
AOI_2_Vegas_img155.tif,3
AOI_2_Vegas_img1553.tif,2
AOI_2_Vegas_img1556.tif,3
AOI_2_Vegas_img1557.tif,0
AOI_2_Vegas_img1561.tif,2
AOI_2_Vegas_img1564.tif,3
AOI_2_Vegas_img1565.tif,3
AOI_2_Vegas_img1569.tif,1
AOI_2_Vegas_img1570.tif,1
AOI_2_Vegas_img1573.tif,0
AOI_2_Vegas_img1574.tif,3
AOI_2_Vegas_img1575.tif,1
AOI_2_Vegas_img1576.tif,3
AOI_2_Vegas_img1577.tif,2
AOI_2_Vegas_img1578.tif,2
AOI_2_Vegas_img1579.tif,3
AOI_2_Vegas_img1580.tif,0
AOI_2_Vegas_img1581.tif,1
AOI_2_Vegas_img1583.tif,3
AOI_2_Vegas_img1584.tif,2
AOI_2_Vegas_img1587.tif,2
AOI_2_Vegas_img1588.tif,3
AOI_2_Vegas_img1589.tif,2
AOI_2_Vegas_img1590.tif,1
AOI_2_Vegas_img1591.tif,2
AOI_2_Vegas_img1592.tif,3
AOI_2_Vegas_img1594.tif,2
AOI_2_Vegas_img1596.tif,0
AOI_2_Vegas_img1599.tif,2
AOI_2_Vegas_img160.tif,3
AOI_2_Vegas_img1600.tif,1
AOI_2_Vegas_img1602.tif,2
AOI_2_Vegas_img1603.tif,2
AOI_2_Vegas_img1604.tif,1
AOI_2_Vegas_img1605.tif,1
AOI_2_Vegas_img1606.tif,1
AOI_2_Vegas_img1607.tif,1
AOI_2_Vegas_img1608.tif,3
AOI_2_Vegas_img1609.tif,1
AOI_2_Vegas_img1612.tif,2
AOI_2_Vegas_img1613.tif,0
AOI_2_Vegas_img1614.tif,0
AOI_2_Vegas_img1615.tif,3
AOI_2_Vegas_img1616.tif,3
AOI_2_Vegas_img1619.tif,1
AOI_2_Vegas_img162.tif,1
AOI_2_Vegas_img1620.tif,0
AOI_2_Vegas_img1622.tif,2
AOI_2_Vegas_img1623.tif,3
AOI_2_Vegas_img1626.tif,1
AOI_2_Vegas_img1627.tif,1
AOI_2_Vegas_img1629.tif,2
AOI_2_Vegas_img1631.tif,0
AOI_2_Vegas_img1633.tif,1
AOI_2_Vegas_img1634.tif,0
AOI_2_Vegas_img1635.tif,1
AOI_2_Vegas_img1636.tif,3
AOI_2_Vegas_img1637.tif,1
AOI_2_Vegas_img1638.tif,2
AOI_2_Vegas_img1639.tif,0
AOI_2_Vegas_img164.tif,0
AOI_2_Vegas_img1640.tif,0
AOI_2_Vegas_img1642.tif,0
AOI_2_Vegas_img1643.tif,2
AOI_2_Vegas_img1645.tif,2
AOI_2_Vegas_img1646.tif,3
AOI_2_Vegas_img1648.tif,3
AOI_2_Vegas_img1649.tif,3
AOI_2_Vegas_img165.tif,2
AOI_2_Vegas_img166.tif,1
AOI_2_Vegas_img167.tif,3
AOI_2_Vegas_img168.tif,3
AOI_2_Vegas_img169.tif,1
AOI_2_Vegas_img17.tif,0
AOI_2_Vegas_img171.tif,2
AOI_2_Vegas_img172.tif,0
AOI_2_Vegas_img173.tif,0
AOI_2_Vegas_img174.tif,1
AOI_2_Vegas_img175.tif,0
AOI_2_Vegas_img176.tif,0
AOI_2_Vegas_img178.tif,2
AOI_2_Vegas_img182.tif,2
AOI_2_Vegas_img183.tif,0
AOI_2_Vegas_img184.tif,0
AOI_2_Vegas_img186.tif,1
AOI_2_Vegas_img188.tif,3
AOI_2_Vegas_img189.tif,1
AOI_2_Vegas_img190.tif,2
AOI_2_Vegas_img191.tif,0
AOI_2_Vegas_img194.tif,1
AOI_2_Vegas_img197.tif,1
AOI_2_Vegas_img198.tif,2
AOI_2_Vegas_img199.tif,3
AOI_2_Vegas_img2.tif,3
AOI_2_Vegas_img20.tif,1
AOI_2_Vegas_img200.tif,2
AOI_2_Vegas_img201.tif,0
AOI_2_Vegas_img202.tif,0
AOI_2_Vegas_img204.tif,0
AOI_2_Vegas_img205.tif,1
AOI_2_Vegas_img206.tif,1
AOI_2_Vegas_img208.tif,0
AOI_2_Vegas_img209.tif,1
AOI_2_Vegas_img210.tif,3
AOI_2_Vegas_img211.tif,1
AOI_2_Vegas_img212.tif,0
AOI_2_Vegas_img213.tif,3
AOI_2_Vegas_img214.tif,3
AOI_2_Vegas_img217.tif,1
AOI_2_Vegas_img218.tif,1
AOI_2_Vegas_img219.tif,2
AOI_2_Vegas_img22.tif,0
AOI_2_Vegas_img221.tif,3
AOI_2_Vegas_img222.tif,0
AOI_2_Vegas_img223.tif,2
AOI_2_Vegas_img224.tif,3
AOI_2_Vegas_img225.tif,0
AOI_2_Vegas_img228.tif,1
AOI_2_Vegas_img229.tif,0
AOI_2_Vegas_img230.tif,1
AOI_2_Vegas_img233.tif,0
AOI_2_Vegas_img234.tif,2
AOI_2_Vegas_img237.tif,0
AOI_2_Vegas_img238.tif,2
AOI_2_Vegas_img239.tif,1
AOI_2_Vegas_img240.tif,3
AOI_2_Vegas_img244.tif,3
AOI_2_Vegas_img245.tif,3
AOI_2_Vegas_img246.tif,1
AOI_2_Vegas_img248.tif,0
AOI_2_Vegas_img25.tif,3
AOI_2_Vegas_img250.tif,3
AOI_2_Vegas_img252.tif,0
AOI_2_Vegas_img255.tif,2
AOI_2_Vegas_img256.tif,3
AOI_2_Vegas_img258.tif,0
AOI_2_Vegas_img259.tif,0
AOI_2_Vegas_img26.tif,0
AOI_2_Vegas_img261.tif,2
AOI_2_Vegas_img262.tif,3
AOI_2_Vegas_img263.tif,3
AOI_2_Vegas_img264.tif,0
AOI_2_Vegas_img266.tif,0
AOI_2_Vegas_img268.tif,0
AOI_2_Vegas_img269.tif,0
AOI_2_Vegas_img27.tif,2
AOI_2_Vegas_img270.tif,3
AOI_2_Vegas_img271.tif,2
AOI_2_Vegas_img272.tif,1
AOI_2_Vegas_img274.tif,3
AOI_2_Vegas_img276.tif,2
AOI_2_Vegas_img277.tif,2
AOI_2_Vegas_img279.tif,2
AOI_2_Vegas_img28.tif,0
AOI_2_Vegas_img280.tif,0
AOI_2_Vegas_img282.tif,1
AOI_2_Vegas_img283.tif,1
AOI_2_Vegas_img286.tif,3
AOI_2_Vegas_img288.tif,1
AOI_2_Vegas_img289.tif,1
AOI_2_Vegas_img29.tif,2
AOI_2_Vegas_img290.tif,2
AOI_2_Vegas_img292.tif,1
AOI_2_Vegas_img293.tif,1
AOI_2_Vegas_img294.tif,3
AOI_2_Vegas_img295.tif,2
AOI_2_Vegas_img296.tif,2
AOI_2_Vegas_img297.tif,0
AOI_2_Vegas_img30.tif,2
AOI_2_Vegas_img301.tif,0
AOI_2_Vegas_img302.tif,3
AOI_2_Vegas_img305.tif,3
AOI_2_Vegas_img307.tif,3
AOI_2_Vegas_img308.tif,0
AOI_2_Vegas_img309.tif,0
AOI_2_Vegas_img311.tif,2
AOI_2_Vegas_img312.tif,1
AOI_2_Vegas_img313.tif,2
AOI_2_Vegas_img314.tif,1
AOI_2_Vegas_img315.tif,1
AOI_2_Vegas_img316.tif,1
AOI_2_Vegas_img317.tif,2
AOI_2_Vegas_img319.tif,0
AOI_2_Vegas_img322.tif,3
AOI_2_Vegas_img323.tif,3
AOI_2_Vegas_img324.tif,2
AOI_2_Vegas_img325.tif,0
AOI_2_Vegas_img327.tif,2
AOI_2_Vegas_img328.tif,3
AOI_2_Vegas_img33.tif,3
AOI_2_Vegas_img330.tif,0
AOI_2_Vegas_img331.tif,0
AOI_2_Vegas_img332.tif,0
AOI_2_Vegas_img333.tif,3
AOI_2_Vegas_img339.tif,0
AOI_2_Vegas_img34.tif,1
AOI_2_Vegas_img341.tif,1
AOI_2_Vegas_img342.tif,3
AOI_2_Vegas_img344.tif,2
AOI_2_Vegas_img345.tif,1
AOI_2_Vegas_img346.tif,1
AOI_2_Vegas_img349.tif,2
AOI_2_Vegas_img35.tif,1
AOI_2_Vegas_img352.tif,0
AOI_2_Vegas_img353.tif,3
AOI_2_Vegas_img355.tif,2
AOI_2_Vegas_img356.tif,3
AOI_2_Vegas_img357.tif,1
AOI_2_Vegas_img358.tif,1
AOI_2_Vegas_img36.tif,1
AOI_2_Vegas_img360.tif,2
AOI_2_Vegas_img362.tif,3
AOI_2_Vegas_img363.tif,1
AOI_2_Vegas_img364.tif,0
AOI_2_Vegas_img365.tif,2
AOI_2_Vegas_img368.tif,0
AOI_2_Vegas_img369.tif,0
AOI_2_Vegas_img371.tif,3
AOI_2_Vegas_img374.tif,0
AOI_2_Vegas_img376.tif,0
AOI_2_Vegas_img378.tif,1
AOI_2_Vegas_img38.tif,1
AOI_2_Vegas_img380.tif,3
AOI_2_Vegas_img381.tif,1
AOI_2_Vegas_img383.tif,2
AOI_2_Vegas_img385.tif,3
AOI_2_Vegas_img387.tif,2
AOI_2_Vegas_img39.tif,3
AOI_2_Vegas_img390.tif,2
AOI_2_Vegas_img391.tif,1
AOI_2_Vegas_img392.tif,2
AOI_2_Vegas_img394.tif,3
AOI_2_Vegas_img395.tif,1
AOI_2_Vegas_img396.tif,3
AOI_2_Vegas_img397.tif,2
AOI_2_Vegas_img398.tif,0
AOI_2_Vegas_img399.tif,1
AOI_2_Vegas_img4.tif,2
AOI_2_Vegas_img40.tif,2
AOI_2_Vegas_img401.tif,2
AOI_2_Vegas_img402.tif,1
AOI_2_Vegas_img403.tif,1
AOI_2_Vegas_img406.tif,3
AOI_2_Vegas_img407.tif,2
AOI_2_Vegas_img408.tif,2
AOI_2_Vegas_img409.tif,0
AOI_2_Vegas_img41.tif,2
AOI_2_Vegas_img411.tif,2
AOI_2_Vegas_img412.tif,2
AOI_2_Vegas_img414.tif,1
AOI_2_Vegas_img416.tif,2
AOI_2_Vegas_img417.tif,0
AOI_2_Vegas_img418.tif,2
AOI_2_Vegas_img42.tif,3
AOI_2_Vegas_img422.tif,2
AOI_2_Vegas_img425.tif,3
AOI_2_Vegas_img426.tif,0
AOI_2_Vegas_img429.tif,3
AOI_2_Vegas_img431.tif,3
AOI_2_Vegas_img432.tif,3
AOI_2_Vegas_img433.tif,1
AOI_2_Vegas_img435.tif,0
AOI_2_Vegas_img436.tif,0
AOI_2_Vegas_img437.tif,1
AOI_2_Vegas_img44.tif,0
AOI_2_Vegas_img440.tif,2
AOI_2_Vegas_img442.tif,3
AOI_2_Vegas_img444.tif,0
AOI_2_Vegas_img445.tif,0
AOI_2_Vegas_img448.tif,1
AOI_2_Vegas_img450.tif,3
AOI_2_Vegas_img451.tif,1
AOI_2_Vegas_img452.tif,1
AOI_2_Vegas_img453.tif,2
AOI_2_Vegas_img457.tif,0
AOI_2_Vegas_img458.tif,0
AOI_2_Vegas_img459.tif,1
AOI_2_Vegas_img463.tif,0
AOI_2_Vegas_img465.tif,1
AOI_2_Vegas_img467.tif,0
AOI_2_Vegas_img47.tif,3
AOI_2_Vegas_img470.tif,2
AOI_2_Vegas_img471.tif,3
AOI_2_Vegas_img474.tif,3
AOI_2_Vegas_img475.tif,2
AOI_2_Vegas_img477.tif,0
AOI_2_Vegas_img478.tif,1
AOI_2_Vegas_img479.tif,2
AOI_2_Vegas_img48.tif,3
AOI_2_Vegas_img480.tif,1
AOI_2_Vegas_img481.tif,2
AOI_2_Vegas_img482.tif,2
AOI_2_Vegas_img485.tif,2
AOI_2_Vegas_img486.tif,3
AOI_2_Vegas_img487.tif,3
AOI_2_Vegas_img49.tif,2
AOI_2_Vegas_img490.tif,0
AOI_2_Vegas_img491.tif,3
AOI_2_Vegas_img492.tif,1
AOI_2_Vegas_img494.tif,3
AOI_2_Vegas_img495.tif,3
AOI_2_Vegas_img497.tif,1
AOI_2_Vegas_img498.tif,1
AOI_2_Vegas_img499.tif,2
AOI_2_Vegas_img5.tif,0
AOI_2_Vegas_img50.tif,3
AOI_2_Vegas_img501.tif,2
AOI_2_Vegas_img502.tif,3
AOI_2_Vegas_img503.tif,3
AOI_2_Vegas_img505.tif,3
AOI_2_Vegas_img506.tif,3
AOI_2_Vegas_img507.tif,0
AOI_2_Vegas_img51.tif,3
AOI_2_Vegas_img510.tif,3
AOI_2_Vegas_img513.tif,3
AOI_2_Vegas_img514.tif,3
AOI_2_Vegas_img515.tif,2
AOI_2_Vegas_img516.tif,1
AOI_2_Vegas_img517.tif,3
AOI_2_Vegas_img520.tif,2
AOI_2_Vegas_img521.tif,3
AOI_2_Vegas_img524.tif,1
AOI_2_Vegas_img527.tif,2
AOI_2_Vegas_img528.tif,3
AOI_2_Vegas_img53.tif,0
AOI_2_Vegas_img530.tif,2
AOI_2_Vegas_img531.tif,0
AOI_2_Vegas_img532.tif,0
AOI_2_Vegas_img534.tif,0
AOI_2_Vegas_img535.tif,0
AOI_2_Vegas_img536.tif,3
AOI_2_Vegas_img537.tif,1
AOI_2_Vegas_img540.tif,2
AOI_2_Vegas_img541.tif,1
AOI_2_Vegas_img544.tif,3
AOI_2_Vegas_img545.tif,0
AOI_2_Vegas_img546.tif,3
AOI_2_Vegas_img547.tif,3
AOI_2_Vegas_img548.tif,0
AOI_2_Vegas_img549.tif,0
AOI_2_Vegas_img55.tif,0
AOI_2_Vegas_img551.tif,3
AOI_2_Vegas_img552.tif,3
AOI_2_Vegas_img553.tif,1
AOI_2_Vegas_img555.tif,2
AOI_2_Vegas_img557.tif,1
AOI_2_Vegas_img558.tif,3
AOI_2_Vegas_img56.tif,3
AOI_2_Vegas_img560.tif,0
AOI_2_Vegas_img563.tif,2
AOI_2_Vegas_img565.tif,2
AOI_2_Vegas_img571.tif,0
AOI_2_Vegas_img572.tif,1
AOI_2_Vegas_img573.tif,3
AOI_2_Vegas_img574.tif,2
AOI_2_Vegas_img575.tif,3
AOI_2_Vegas_img576.tif,1
AOI_2_Vegas_img577.tif,3
AOI_2_Vegas_img578.tif,3
AOI_2_Vegas_img580.tif,2
AOI_2_Vegas_img582.tif,3
AOI_2_Vegas_img583.tif,2
AOI_2_Vegas_img584.tif,3
AOI_2_Vegas_img587.tif,0
AOI_2_Vegas_img589.tif,2
AOI_2_Vegas_img59.tif,2
AOI_2_Vegas_img591.tif,3
AOI_2_Vegas_img592.tif,0
AOI_2_Vegas_img593.tif,1
AOI_2_Vegas_img594.tif,3
AOI_2_Vegas_img595.tif,2
AOI_2_Vegas_img596.tif,1
AOI_2_Vegas_img598.tif,0
AOI_2_Vegas_img600.tif,3
AOI_2_Vegas_img601.tif,2
AOI_2_Vegas_img602.tif,0
AOI_2_Vegas_img603.tif,1
AOI_2_Vegas_img608.tif,3
AOI_2_Vegas_img609.tif,2
AOI_2_Vegas_img61.tif,2
AOI_2_Vegas_img610.tif,1
AOI_2_Vegas_img612.tif,3
AOI_2_Vegas_img614.tif,0
AOI_2_Vegas_img616.tif,1
AOI_2_Vegas_img617.tif,1
AOI_2_Vegas_img619.tif,2
AOI_2_Vegas_img622.tif,0
AOI_2_Vegas_img623.tif,0
AOI_2_Vegas_img625.tif,0
AOI_2_Vegas_img626.tif,2
AOI_2_Vegas_img627.tif,3
AOI_2_Vegas_img628.tif,0
AOI_2_Vegas_img629.tif,3
AOI_2_Vegas_img63.tif,2
AOI_2_Vegas_img631.tif,2
AOI_2_Vegas_img633.tif,3
AOI_2_Vegas_img635.tif,0
AOI_2_Vegas_img636.tif,0
AOI_2_Vegas_img638.tif,0
AOI_2_Vegas_img640.tif,0
AOI_2_Vegas_img641.tif,2
AOI_2_Vegas_img642.tif,2
AOI_2_Vegas_img644.tif,0
AOI_2_Vegas_img645.tif,1
AOI_2_Vegas_img646.tif,2
AOI_2_Vegas_img648.tif,2
AOI_2_Vegas_img65.tif,2
AOI_2_Vegas_img650.tif,3
AOI_2_Vegas_img652.tif,2
AOI_2_Vegas_img653.tif,3
AOI_2_Vegas_img654.tif,3
AOI_2_Vegas_img655.tif,3
AOI_2_Vegas_img657.tif,1
AOI_2_Vegas_img659.tif,2
AOI_2_Vegas_img66.tif,0
AOI_2_Vegas_img660.tif,3
AOI_2_Vegas_img663.tif,0
AOI_2_Vegas_img664.tif,3
AOI_2_Vegas_img665.tif,0
AOI_2_Vegas_img669.tif,1
AOI_2_Vegas_img670.tif,2
AOI_2_Vegas_img671.tif,0
AOI_2_Vegas_img673.tif,3
AOI_2_Vegas_img674.tif,2
AOI_2_Vegas_img676.tif,1
AOI_2_Vegas_img677.tif,0
AOI_2_Vegas_img679.tif,3
AOI_2_Vegas_img68.tif,1
AOI_2_Vegas_img682.tif,3
AOI_2_Vegas_img683.tif,0
AOI_2_Vegas_img686.tif,1
AOI_2_Vegas_img688.tif,2
AOI_2_Vegas_img689.tif,3
AOI_2_Vegas_img69.tif,0
AOI_2_Vegas_img690.tif,1
AOI_2_Vegas_img693.tif,1
AOI_2_Vegas_img695.tif,0
AOI_2_Vegas_img697.tif,0
AOI_2_Vegas_img698.tif,3
AOI_2_Vegas_img699.tif,0
AOI_2_Vegas_img7.tif,1
AOI_2_Vegas_img700.tif,1
AOI_2_Vegas_img701.tif,3
AOI_2_Vegas_img704.tif,3
AOI_2_Vegas_img705.tif,3
AOI_2_Vegas_img707.tif,3
AOI_2_Vegas_img709.tif,3
AOI_2_Vegas_img710.tif,0
AOI_2_Vegas_img711.tif,2
AOI_2_Vegas_img712.tif,0
AOI_2_Vegas_img714.tif,3
AOI_2_Vegas_img716.tif,0
AOI_2_Vegas_img718.tif,1
AOI_2_Vegas_img719.tif,1
AOI_2_Vegas_img72.tif,2
AOI_2_Vegas_img720.tif,2
AOI_2_Vegas_img722.tif,1
AOI_2_Vegas_img725.tif,2
AOI_2_Vegas_img726.tif,2
AOI_2_Vegas_img728.tif,2
AOI_2_Vegas_img731.tif,3
AOI_2_Vegas_img732.tif,1
AOI_2_Vegas_img734.tif,0
AOI_2_Vegas_img736.tif,1
AOI_2_Vegas_img737.tif,3
AOI_2_Vegas_img738.tif,1
AOI_2_Vegas_img739.tif,2
AOI_2_Vegas_img74.tif,1
AOI_2_Vegas_img740.tif,1
AOI_2_Vegas_img743.tif,2
AOI_2_Vegas_img745.tif,3
AOI_2_Vegas_img747.tif,1
AOI_2_Vegas_img75.tif,0
AOI_2_Vegas_img750.tif,1
AOI_2_Vegas_img752.tif,2
AOI_2_Vegas_img758.tif,1
AOI_2_Vegas_img759.tif,2
AOI_2_Vegas_img76.tif,3
AOI_2_Vegas_img760.tif,0
AOI_2_Vegas_img761.tif,2
AOI_2_Vegas_img763.tif,2
AOI_2_Vegas_img764.tif,1
AOI_2_Vegas_img765.tif,3
AOI_2_Vegas_img767.tif,1
AOI_2_Vegas_img768.tif,1
AOI_2_Vegas_img769.tif,3
AOI_2_Vegas_img77.tif,0
AOI_2_Vegas_img770.tif,3
AOI_2_Vegas_img771.tif,2
AOI_2_Vegas_img775.tif,1
AOI_2_Vegas_img776.tif,2
AOI_2_Vegas_img78.tif,0
AOI_2_Vegas_img782.tif,1
AOI_2_Vegas_img787.tif,1
AOI_2_Vegas_img788.tif,2
AOI_2_Vegas_img792.tif,2
AOI_2_Vegas_img794.tif,3
AOI_2_Vegas_img795.tif,3
AOI_2_Vegas_img797.tif,0
AOI_2_Vegas_img798.tif,0
AOI_2_Vegas_img8.tif,1
AOI_2_Vegas_img80.tif,2
AOI_2_Vegas_img802.tif,3
AOI_2_Vegas_img803.tif,0
AOI_2_Vegas_img804.tif,1
AOI_2_Vegas_img805.tif,0
AOI_2_Vegas_img806.tif,1
AOI_2_Vegas_img807.tif,2
AOI_2_Vegas_img809.tif,0
AOI_2_Vegas_img81.tif,3
AOI_2_Vegas_img810.tif,0
AOI_2_Vegas_img811.tif,1
AOI_2_Vegas_img812.tif,1
AOI_2_Vegas_img813.tif,3
AOI_2_Vegas_img815.tif,2
AOI_2_Vegas_img816.tif,1
AOI_2_Vegas_img818.tif,3
AOI_2_Vegas_img82.tif,0
AOI_2_Vegas_img820.tif,1
AOI_2_Vegas_img823.tif,3
AOI_2_Vegas_img824.tif,3
AOI_2_Vegas_img825.tif,3
AOI_2_Vegas_img828.tif,3
AOI_2_Vegas_img83.tif,3
AOI_2_Vegas_img830.tif,1
AOI_2_Vegas_img831.tif,0
AOI_2_Vegas_img832.tif,2
AOI_2_Vegas_img833.tif,2
AOI_2_Vegas_img836.tif,2
AOI_2_Vegas_img837.tif,0
AOI_2_Vegas_img838.tif,1
AOI_2_Vegas_img839.tif,3
AOI_2_Vegas_img841.tif,2
AOI_2_Vegas_img842.tif,2
AOI_2_Vegas_img843.tif,0
AOI_2_Vegas_img844.tif,1
AOI_2_Vegas_img845.tif,1
AOI_2_Vegas_img846.tif,0
AOI_2_Vegas_img847.tif,2
AOI_2_Vegas_img848.tif,2
AOI_2_Vegas_img849.tif,1
AOI_2_Vegas_img851.tif,3
AOI_2_Vegas_img852.tif,1
AOI_2_Vegas_img853.tif,3
AOI_2_Vegas_img855.tif,0
AOI_2_Vegas_img861.tif,1
AOI_2_Vegas_img862.tif,1
AOI_2_Vegas_img863.tif,1
AOI_2_Vegas_img865.tif,0
AOI_2_Vegas_img866.tif,0
AOI_2_Vegas_img867.tif,2
AOI_2_Vegas_img869.tif,1
AOI_2_Vegas_img870.tif,1
AOI_2_Vegas_img871.tif,0
AOI_2_Vegas_img874.tif,1
AOI_2_Vegas_img877.tif,0
AOI_2_Vegas_img878.tif,2
AOI_2_Vegas_img88.tif,0
AOI_2_Vegas_img880.tif,0
AOI_2_Vegas_img881.tif,1
AOI_2_Vegas_img882.tif,0
AOI_2_Vegas_img883.tif,1
AOI_2_Vegas_img884.tif,2
AOI_2_Vegas_img885.tif,1
AOI_2_Vegas_img888.tif,0
AOI_2_Vegas_img889.tif,1
AOI_2_Vegas_img89.tif,1
AOI_2_Vegas_img891.tif,3
AOI_2_Vegas_img892.tif,3
AOI_2_Vegas_img895.tif,0
AOI_2_Vegas_img897.tif,2
AOI_2_Vegas_img898.tif,1
AOI_2_Vegas_img899.tif,2
AOI_2_Vegas_img90.tif,0
AOI_2_Vegas_img900.tif,2
AOI_2_Vegas_img901.tif,2
AOI_2_Vegas_img902.tif,3
AOI_2_Vegas_img903.tif,1
AOI_2_Vegas_img907.tif,0
AOI_2_Vegas_img908.tif,1
AOI_2_Vegas_img909.tif,3
AOI_2_Vegas_img91.tif,2
AOI_2_Vegas_img912.tif,1
AOI_2_Vegas_img915.tif,3
AOI_2_Vegas_img916.tif,1
AOI_2_Vegas_img917.tif,2
AOI_2_Vegas_img919.tif,2
AOI_2_Vegas_img920.tif,3
AOI_2_Vegas_img922.tif,1
AOI_2_Vegas_img923.tif,0
AOI_2_Vegas_img924.tif,1
AOI_2_Vegas_img925.tif,3
AOI_2_Vegas_img927.tif,1
AOI_2_Vegas_img928.tif,0
AOI_2_Vegas_img929.tif,3
AOI_2_Vegas_img93.tif,1
AOI_2_Vegas_img931.tif,1
AOI_2_Vegas_img934.tif,3
AOI_2_Vegas_img936.tif,0
AOI_2_Vegas_img937.tif,1
AOI_2_Vegas_img939.tif,2
AOI_2_Vegas_img94.tif,1
AOI_2_Vegas_img943.tif,2
AOI_2_Vegas_img944.tif,1
AOI_2_Vegas_img947.tif,1
AOI_2_Vegas_img948.tif,3
AOI_2_Vegas_img95.tif,0
AOI_2_Vegas_img950.tif,2
AOI_2_Vegas_img952.tif,0
AOI_2_Vegas_img954.tif,0
AOI_2_Vegas_img955.tif,3
AOI_2_Vegas_img956.tif,1
AOI_2_Vegas_img957.tif,0
AOI_2_Vegas_img96.tif,1
AOI_2_Vegas_img960.tif,3
AOI_2_Vegas_img961.tif,2
AOI_2_Vegas_img962.tif,1
AOI_2_Vegas_img963.tif,0
AOI_2_Vegas_img964.tif,1
AOI_2_Vegas_img965.tif,3
AOI_2_Vegas_img967.tif,3
AOI_2_Vegas_img968.tif,0
AOI_2_Vegas_img969.tif,0
AOI_2_Vegas_img971.tif,2
AOI_2_Vegas_img973.tif,3
AOI_2_Vegas_img978.tif,1
AOI_2_Vegas_img979.tif,0
AOI_2_Vegas_img980.tif,2
AOI_2_Vegas_img982.tif,3
AOI_2_Vegas_img983.tif,1
AOI_2_Vegas_img984.tif,0
AOI_2_Vegas_img985.tif,0
AOI_2_Vegas_img986.tif,3
AOI_2_Vegas_img988.tif,3
AOI_2_Vegas_img989.tif,3
AOI_2_Vegas_img99.tif,2
AOI_2_Vegas_img990.tif,1
AOI_2_Vegas_img991.tif,3
AOI_2_Vegas_img995.tif,2
AOI_2_Vegas_img997.tif,1
AOI_2_Vegas_img998.tif,0
AOI_2_Vegas_img999.tif,0
AOI_3_Paris_img10.tif,0
AOI_3_Paris_img100.tif,0
AOI_3_Paris_img101.tif,2
AOI_3_Paris_img103.tif,0
AOI_3_Paris_img104.tif,1
AOI_3_Paris_img105.tif,0
AOI_3_Paris_img106.tif,3
AOI_3_Paris_img11.tif,1
AOI_3_Paris_img110.tif,1
AOI_3_Paris_img111.tif,2
AOI_3_Paris_img114.tif,3
AOI_3_Paris_img116.tif,2
AOI_3_Paris_img118.tif,1
AOI_3_Paris_img119.tif,1
AOI_3_Paris_img121.tif,0
AOI_3_Paris_img122.tif,2
AOI_3_Paris_img124.tif,0
AOI_3_Paris_img125.tif,2
AOI_3_Paris_img126.tif,3
AOI_3_Paris_img127.tif,0
AOI_3_Paris_img129.tif,3
AOI_3_Paris_img130.tif,3
AOI_3_Paris_img132.tif,3
AOI_3_Paris_img133.tif,0
AOI_3_Paris_img134.tif,0
AOI_3_Paris_img136.tif,0
AOI_3_Paris_img137.tif,1
AOI_3_Paris_img138.tif,2
AOI_3_Paris_img139.tif,2
AOI_3_Paris_img14.tif,2
AOI_3_Paris_img140.tif,0
AOI_3_Paris_img142.tif,2
AOI_3_Paris_img143.tif,1
AOI_3_Paris_img146.tif,3
AOI_3_Paris_img148.tif,1
AOI_3_Paris_img15.tif,0
AOI_3_Paris_img152.tif,2
AOI_3_Paris_img153.tif,0
AOI_3_Paris_img154.tif,2
AOI_3_Paris_img157.tif,3
AOI_3_Paris_img158.tif,1
AOI_3_Paris_img159.tif,0
AOI_3_Paris_img16.tif,0
AOI_3_Paris_img160.tif,2
AOI_3_Paris_img162.tif,0
AOI_3_Paris_img166.tif,1
AOI_3_Paris_img167.tif,1
AOI_3_Paris_img168.tif,1
AOI_3_Paris_img17.tif,2
AOI_3_Paris_img172.tif,1
AOI_3_Paris_img173.tif,1
AOI_3_Paris_img174.tif,2
AOI_3_Paris_img175.tif,2
AOI_3_Paris_img176.tif,0
AOI_3_Paris_img179.tif,1
AOI_3_Paris_img18.tif,3
AOI_3_Paris_img182.tif,0
AOI_3_Paris_img184.tif,3
AOI_3_Paris_img185.tif,2
AOI_3_Paris_img187.tif,0
AOI_3_Paris_img189.tif,3
AOI_3_Paris_img19.tif,3
AOI_3_Paris_img190.tif,1
AOI_3_Paris_img191.tif,2
AOI_3_Paris_img192.tif,3
AOI_3_Paris_img193.tif,3
AOI_3_Paris_img196.tif,0
AOI_3_Paris_img197.tif,0
AOI_3_Paris_img20.tif,1
AOI_3_Paris_img203.tif,1
AOI_3_Paris_img205.tif,3
AOI_3_Paris_img21.tif,3
AOI_3_Paris_img211.tif,1
AOI_3_Paris_img212.tif,2
AOI_3_Paris_img213.tif,2
AOI_3_Paris_img215.tif,2
AOI_3_Paris_img216.tif,1
AOI_3_Paris_img217.tif,0
AOI_3_Paris_img219.tif,3
AOI_3_Paris_img220.tif,2
AOI_3_Paris_img221.tif,2
AOI_3_Paris_img222.tif,1
AOI_3_Paris_img223.tif,2
AOI_3_Paris_img225.tif,1
AOI_3_Paris_img226.tif,2
AOI_3_Paris_img227.tif,0
AOI_3_Paris_img228.tif,0
AOI_3_Paris_img229.tif,2
AOI_3_Paris_img23.tif,3
AOI_3_Paris_img233.tif,2
AOI_3_Paris_img234.tif,1
AOI_3_Paris_img235.tif,1
AOI_3_Paris_img237.tif,0
AOI_3_Paris_img238.tif,0
AOI_3_Paris_img239.tif,1
AOI_3_Paris_img24.tif,0
AOI_3_Paris_img241.tif,3
AOI_3_Paris_img242.tif,0
AOI_3_Paris_img244.tif,0
AOI_3_Paris_img245.tif,2
AOI_3_Paris_img246.tif,3
AOI_3_Paris_img248.tif,3
AOI_3_Paris_img249.tif,0
AOI_3_Paris_img250.tif,0
AOI_3_Paris_img251.tif,2
AOI_3_Paris_img252.tif,0
AOI_3_Paris_img254.tif,3
AOI_3_Paris_img256.tif,2
AOI_3_Paris_img258.tif,0
AOI_3_Paris_img259.tif,1
AOI_3_Paris_img26.tif,1
AOI_3_Paris_img261.tif,0
AOI_3_Paris_img263.tif,3
AOI_3_Paris_img264.tif,1
AOI_3_Paris_img266.tif,3
AOI_3_Paris_img268.tif,3
AOI_3_Paris_img27.tif,0
AOI_3_Paris_img270.tif,2
AOI_3_Paris_img272.tif,1
AOI_3_Paris_img274.tif,1
AOI_3_Paris_img277.tif,3
AOI_3_Paris_img278.tif,1
AOI_3_Paris_img28.tif,2
AOI_3_Paris_img281.tif,0
AOI_3_Paris_img282.tif,2
AOI_3_Paris_img283.tif,3
AOI_3_Paris_img284.tif,2
AOI_3_Paris_img285.tif,1
AOI_3_Paris_img286.tif,2
AOI_3_Paris_img288.tif,3
AOI_3_Paris_img290.tif,2
AOI_3_Paris_img294.tif,3
AOI_3_Paris_img295.tif,0
AOI_3_Paris_img297.tif,1
AOI_3_Paris_img298.tif,2
AOI_3_Paris_img299.tif,2
AOI_3_Paris_img30.tif,3
AOI_3_Paris_img303.tif,1
AOI_3_Paris_img305.tif,1
AOI_3_Paris_img306.tif,1
AOI_3_Paris_img307.tif,0
AOI_3_Paris_img309.tif,1
AOI_3_Paris_img31.tif,3
AOI_3_Paris_img310.tif,0
AOI_3_Paris_img311.tif,2
AOI_3_Paris_img313.tif,1
AOI_3_Paris_img315.tif,3
AOI_3_Paris_img318.tif,2
AOI_3_Paris_img319.tif,0
AOI_3_Paris_img320.tif,2
AOI_3_Paris_img321.tif,3
AOI_3_Paris_img322.tif,0
AOI_3_Paris_img323.tif,0
AOI_3_Paris_img324.tif,3
AOI_3_Paris_img325.tif,3
AOI_3_Paris_img33.tif,2
AOI_3_Paris_img334.tif,0
AOI_3_Paris_img337.tif,2
AOI_3_Paris_img338.tif,1
AOI_3_Paris_img339.tif,3
AOI_3_Paris_img340.tif,2
AOI_3_Paris_img341.tif,2
AOI_3_Paris_img342.tif,3
AOI_3_Paris_img344.tif,0
AOI_3_Paris_img345.tif,1
AOI_3_Paris_img346.tif,1
AOI_3_Paris_img347.tif,3
AOI_3_Paris_img35.tif,2
AOI_3_Paris_img350.tif,1
AOI_3_Paris_img351.tif,2
AOI_3_Paris_img354.tif,2
AOI_3_Paris_img356.tif,2
AOI_3_Paris_img358.tif,0
AOI_3_Paris_img359.tif,1
AOI_3_Paris_img360.tif,3
AOI_3_Paris_img361.tif,0
AOI_3_Paris_img362.tif,1
AOI_3_Paris_img363.tif,2
AOI_3_Paris_img364.tif,1
AOI_3_Paris_img37.tif,3
AOI_3_Paris_img371.tif,0
AOI_3_Paris_img373.tif,1
AOI_3_Paris_img375.tif,1
AOI_3_Paris_img377.tif,1
AOI_3_Paris_img379.tif,1
AOI_3_Paris_img38.tif,0
AOI_3_Paris_img380.tif,2
AOI_3_Paris_img382.tif,3
AOI_3_Paris_img383.tif,3
AOI_3_Paris_img386.tif,0
AOI_3_Paris_img389.tif,1
AOI_3_Paris_img39.tif,3
AOI_3_Paris_img390.tif,2
AOI_3_Paris_img392.tif,2
AOI_3_Paris_img393.tif,0
AOI_3_Paris_img394.tif,2
AOI_3_Paris_img396.tif,3
AOI_3_Paris_img398.tif,0
AOI_3_Paris_img399.tif,0
AOI_3_Paris_img400.tif,3
AOI_3_Paris_img402.tif,1
AOI_3_Paris_img404.tif,0
AOI_3_Paris_img405.tif,0
AOI_3_Paris_img406.tif,0
AOI_3_Paris_img407.tif,0
AOI_3_Paris_img408.tif,3
AOI_3_Paris_img409.tif,1
AOI_3_Paris_img41.tif,1
AOI_3_Paris_img411.tif,0
AOI_3_Paris_img413.tif,1
AOI_3_Paris_img414.tif,3
AOI_3_Paris_img415.tif,0
AOI_3_Paris_img417.tif,3
AOI_3_Paris_img418.tif,3
AOI_3_Paris_img42.tif,1
AOI_3_Paris_img420.tif,3
AOI_3_Paris_img422.tif,2
AOI_3_Paris_img423.tif,0
AOI_3_Paris_img424.tif,1
AOI_3_Paris_img425.tif,0
AOI_3_Paris_img426.tif,2
AOI_3_Paris_img427.tif,0
AOI_3_Paris_img43.tif,1
AOI_3_Paris_img432.tif,2
AOI_3_Paris_img434.tif,1
AOI_3_Paris_img435.tif,2
AOI_3_Paris_img436.tif,2
AOI_3_Paris_img437.tif,0
AOI_3_Paris_img439.tif,1
AOI_3_Paris_img440.tif,2
AOI_3_Paris_img442.tif,0
AOI_3_Paris_img443.tif,2
AOI_3_Paris_img444.tif,0
AOI_3_Paris_img446.tif,1
AOI_3_Paris_img448.tif,3
AOI_3_Paris_img449.tif,2
AOI_3_Paris_img450.tif,2
AOI_3_Paris_img451.tif,3
AOI_3_Paris_img453.tif,3
AOI_3_Paris_img456.tif,3
AOI_3_Paris_img457.tif,1
AOI_3_Paris_img458.tif,3
AOI_3_Paris_img459.tif,3
AOI_3_Paris_img46.tif,0
AOI_3_Paris_img462.tif,0
AOI_3_Paris_img464.tif,3
AOI_3_Paris_img465.tif,3
AOI_3_Paris_img466.tif,1
AOI_3_Paris_img467.tif,2
AOI_3_Paris_img469.tif,3
AOI_3_Paris_img47.tif,0
AOI_3_Paris_img470.tif,3
AOI_3_Paris_img475.tif,3
AOI_3_Paris_img477.tif,3
AOI_3_Paris_img48.tif,1
AOI_3_Paris_img480.tif,3
AOI_3_Paris_img482.tif,1
AOI_3_Paris_img484.tif,2
AOI_3_Paris_img485.tif,1
AOI_3_Paris_img486.tif,3
AOI_3_Paris_img489.tif,1
AOI_3_Paris_img49.tif,1
AOI_3_Paris_img490.tif,3
AOI_3_Paris_img491.tif,1
AOI_3_Paris_img492.tif,2
AOI_3_Paris_img493.tif,0
AOI_3_Paris_img494.tif,2
AOI_3_Paris_img496.tif,2
AOI_3_Paris_img499.tif,3
AOI_3_Paris_img50.tif,1
AOI_3_Paris_img500.tif,0
AOI_3_Paris_img502.tif,3
AOI_3_Paris_img503.tif,1
AOI_3_Paris_img505.tif,0
AOI_3_Paris_img507.tif,3
AOI_3_Paris_img509.tif,0
AOI_3_Paris_img51.tif,0
AOI_3_Paris_img511.tif,2
AOI_3_Paris_img512.tif,2
AOI_3_Paris_img514.tif,3
AOI_3_Paris_img517.tif,1
AOI_3_Paris_img52.tif,2
AOI_3_Paris_img53.tif,0
AOI_3_Paris_img54.tif,3
AOI_3_Paris_img55.tif,1
AOI_3_Paris_img6.tif,2
AOI_3_Paris_img60.tif,1
AOI_3_Paris_img61.tif,2
AOI_3_Paris_img63.tif,1
AOI_3_Paris_img64.tif,0
AOI_3_Paris_img65.tif,3
AOI_3_Paris_img7.tif,3
AOI_3_Paris_img72.tif,2
AOI_3_Paris_img73.tif,0
AOI_3_Paris_img75.tif,2
AOI_3_Paris_img76.tif,1
AOI_3_Paris_img77.tif,0
AOI_3_Paris_img80.tif,1
AOI_3_Paris_img81.tif,2
AOI_3_Paris_img82.tif,1
AOI_3_Paris_img84.tif,1
AOI_3_Paris_img85.tif,3
AOI_3_Paris_img87.tif,2
AOI_3_Paris_img88.tif,3
AOI_3_Paris_img9.tif,0
AOI_3_Paris_img91.tif,2
AOI_3_Paris_img92.tif,3
AOI_3_Paris_img97.tif,3
AOI_3_Paris_img98.tif,3
AOI_3_Paris_img99.tif,0
AOI_4_Shanghai_img10.tif,2
AOI_4_Shanghai_img100.tif,2
AOI_4_Shanghai_img1000.tif,2
AOI_4_Shanghai_img1001.tif,0
AOI_4_Shanghai_img1002.tif,0
AOI_4_Shanghai_img1003.tif,1
AOI_4_Shanghai_img1004.tif,3
AOI_4_Shanghai_img1006.tif,1
AOI_4_Shanghai_img1007.tif,2
AOI_4_Shanghai_img1008.tif,2
AOI_4_Shanghai_img1009.tif,3
AOI_4_Shanghai_img1013.tif,0
AOI_4_Shanghai_img1014.tif,2
AOI_4_Shanghai_img1015.tif,1
AOI_4_Shanghai_img1016.tif,3
AOI_4_Shanghai_img102.tif,3
AOI_4_Shanghai_img1022.tif,0
AOI_4_Shanghai_img1023.tif,1
AOI_4_Shanghai_img1024.tif,3
AOI_4_Shanghai_img1025.tif,1
AOI_4_Shanghai_img1026.tif,1
AOI_4_Shanghai_img103.tif,3
AOI_4_Shanghai_img1030.tif,1
AOI_4_Shanghai_img1031.tif,2
AOI_4_Shanghai_img1032.tif,2
AOI_4_Shanghai_img1033.tif,1
AOI_4_Shanghai_img1034.tif,0
AOI_4_Shanghai_img1037.tif,1
AOI_4_Shanghai_img1039.tif,2
AOI_4_Shanghai_img1040.tif,3
AOI_4_Shanghai_img1042.tif,3
AOI_4_Shanghai_img1044.tif,1
AOI_4_Shanghai_img1045.tif,1
AOI_4_Shanghai_img1046.tif,0
AOI_4_Shanghai_img1047.tif,1
AOI_4_Shanghai_img1048.tif,0
AOI_4_Shanghai_img105.tif,0
AOI_4_Shanghai_img1056.tif,1
AOI_4_Shanghai_img1057.tif,1
AOI_4_Shanghai_img106.tif,2
AOI_4_Shanghai_img1061.tif,2
AOI_4_Shanghai_img1063.tif,0
AOI_4_Shanghai_img1067.tif,2
AOI_4_Shanghai_img1068.tif,1
AOI_4_Shanghai_img107.tif,1
AOI_4_Shanghai_img1070.tif,1
AOI_4_Shanghai_img1073.tif,1
AOI_4_Shanghai_img1074.tif,2
AOI_4_Shanghai_img1075.tif,3
AOI_4_Shanghai_img1079.tif,2
AOI_4_Shanghai_img1080.tif,1
AOI_4_Shanghai_img1083.tif,3
AOI_4_Shanghai_img1085.tif,0
AOI_4_Shanghai_img1086.tif,0
AOI_4_Shanghai_img1087.tif,2
AOI_4_Shanghai_img1088.tif,0
AOI_4_Shanghai_img1089.tif,2
AOI_4_Shanghai_img109.tif,1
AOI_4_Shanghai_img1090.tif,0
AOI_4_Shanghai_img1091.tif,3
AOI_4_Shanghai_img1092.tif,2
AOI_4_Shanghai_img1093.tif,0
AOI_4_Shanghai_img1094.tif,3
AOI_4_Shanghai_img1095.tif,0
AOI_4_Shanghai_img1097.tif,1
AOI_4_Shanghai_img1098.tif,1
AOI_4_Shanghai_img1099.tif,2
AOI_4_Shanghai_img1100.tif,3
AOI_4_Shanghai_img1102.tif,0
AOI_4_Shanghai_img1103.tif,0
AOI_4_Shanghai_img1105.tif,2
AOI_4_Shanghai_img1107.tif,0
AOI_4_Shanghai_img1108.tif,2
AOI_4_Shanghai_img1109.tif,2
AOI_4_Shanghai_img111.tif,0
AOI_4_Shanghai_img1110.tif,2
AOI_4_Shanghai_img1111.tif,0
AOI_4_Shanghai_img1112.tif,1
AOI_4_Shanghai_img1113.tif,3
AOI_4_Shanghai_img1114.tif,3
AOI_4_Shanghai_img1117.tif,3
AOI_4_Shanghai_img1118.tif,1
AOI_4_Shanghai_img1119.tif,3
AOI_4_Shanghai_img1123.tif,1
AOI_4_Shanghai_img1124.tif,3
AOI_4_Shanghai_img1126.tif,2
AOI_4_Shanghai_img1128.tif,3
AOI_4_Shanghai_img113.tif,0
AOI_4_Shanghai_img1130.tif,0
AOI_4_Shanghai_img1131.tif,2
AOI_4_Shanghai_img1133.tif,0
AOI_4_Shanghai_img1135.tif,0
AOI_4_Shanghai_img1136.tif,0
AOI_4_Shanghai_img1137.tif,2
AOI_4_Shanghai_img1138.tif,0
AOI_4_Shanghai_img1139.tif,1
AOI_4_Shanghai_img114.tif,3
AOI_4_Shanghai_img1140.tif,0
AOI_4_Shanghai_img1142.tif,1
AOI_4_Shanghai_img1143.tif,3
AOI_4_Shanghai_img1146.tif,1
AOI_4_Shanghai_img1147.tif,3
AOI_4_Shanghai_img1148.tif,1
AOI_4_Shanghai_img115.tif,2
AOI_4_Shanghai_img1151.tif,3
AOI_4_Shanghai_img1152.tif,1
AOI_4_Shanghai_img1155.tif,2
AOI_4_Shanghai_img1156.tif,3
AOI_4_Shanghai_img1157.tif,0
AOI_4_Shanghai_img1158.tif,0
AOI_4_Shanghai_img1159.tif,3
AOI_4_Shanghai_img116.tif,1
AOI_4_Shanghai_img1160.tif,2
AOI_4_Shanghai_img1161.tif,2
AOI_4_Shanghai_img1162.tif,0
AOI_4_Shanghai_img1163.tif,0
AOI_4_Shanghai_img1165.tif,2
AOI_4_Shanghai_img1166.tif,1
AOI_4_Shanghai_img1168.tif,3
AOI_4_Shanghai_img1169.tif,2
AOI_4_Shanghai_img117.tif,3
AOI_4_Shanghai_img1170.tif,0
AOI_4_Shanghai_img1171.tif,1
AOI_4_Shanghai_img1173.tif,0
AOI_4_Shanghai_img1175.tif,3
AOI_4_Shanghai_img1176.tif,3
AOI_4_Shanghai_img1177.tif,2
AOI_4_Shanghai_img1178.tif,3
AOI_4_Shanghai_img1179.tif,2
AOI_4_Shanghai_img118.tif,3
AOI_4_Shanghai_img1180.tif,2
AOI_4_Shanghai_img1181.tif,0
AOI_4_Shanghai_img1184.tif,3
AOI_4_Shanghai_img1185.tif,3
AOI_4_Shanghai_img1187.tif,0
AOI_4_Shanghai_img1188.tif,0
AOI_4_Shanghai_img119.tif,1
AOI_4_Shanghai_img1190.tif,1
AOI_4_Shanghai_img1191.tif,3
AOI_4_Shanghai_img1193.tif,0
AOI_4_Shanghai_img1194.tif,2
AOI_4_Shanghai_img1195.tif,3
AOI_4_Shanghai_img1196.tif,3
AOI_4_Shanghai_img1199.tif,0
AOI_4_Shanghai_img120.tif,3
AOI_4_Shanghai_img1201.tif,0
AOI_4_Shanghai_img1204.tif,2
AOI_4_Shanghai_img1205.tif,3
AOI_4_Shanghai_img1206.tif,0
AOI_4_Shanghai_img1207.tif,3
AOI_4_Shanghai_img1209.tif,1
AOI_4_Shanghai_img121.tif,3
AOI_4_Shanghai_img1210.tif,1
AOI_4_Shanghai_img1212.tif,1
AOI_4_Shanghai_img1213.tif,2
AOI_4_Shanghai_img1218.tif,3
AOI_4_Shanghai_img1219.tif,1
AOI_4_Shanghai_img1221.tif,2
AOI_4_Shanghai_img1222.tif,2
AOI_4_Shanghai_img1223.tif,0
AOI_4_Shanghai_img1225.tif,2
AOI_4_Shanghai_img1227.tif,1
AOI_4_Shanghai_img1228.tif,1
AOI_4_Shanghai_img123.tif,3
AOI_4_Shanghai_img1230.tif,2
AOI_4_Shanghai_img1231.tif,0
AOI_4_Shanghai_img1232.tif,0
AOI_4_Shanghai_img1234.tif,2
AOI_4_Shanghai_img1236.tif,1
AOI_4_Shanghai_img1237.tif,3
AOI_4_Shanghai_img1238.tif,3
AOI_4_Shanghai_img1242.tif,1
AOI_4_Shanghai_img1244.tif,1
AOI_4_Shanghai_img1245.tif,1
AOI_4_Shanghai_img1246.tif,1
AOI_4_Shanghai_img1248.tif,1
AOI_4_Shanghai_img1249.tif,0
AOI_4_Shanghai_img125.tif,0
AOI_4_Shanghai_img1250.tif,3
AOI_4_Shanghai_img1252.tif,2
AOI_4_Shanghai_img1254.tif,0
AOI_4_Shanghai_img1259.tif,1
AOI_4_Shanghai_img1262.tif,2
AOI_4_Shanghai_img1265.tif,3
AOI_4_Shanghai_img1269.tif,1
AOI_4_Shanghai_img127.tif,2
AOI_4_Shanghai_img1270.tif,1
AOI_4_Shanghai_img1271.tif,0
AOI_4_Shanghai_img1272.tif,0
AOI_4_Shanghai_img1274.tif,0
AOI_4_Shanghai_img1276.tif,0
AOI_4_Shanghai_img1277.tif,2
AOI_4_Shanghai_img1278.tif,2
AOI_4_Shanghai_img128.tif,2
AOI_4_Shanghai_img1281.tif,1
AOI_4_Shanghai_img1282.tif,3
AOI_4_Shanghai_img1285.tif,2
AOI_4_Shanghai_img1286.tif,2
AOI_4_Shanghai_img1288.tif,2
AOI_4_Shanghai_img1289.tif,3
AOI_4_Shanghai_img129.tif,3
AOI_4_Shanghai_img1291.tif,2
AOI_4_Shanghai_img1292.tif,3
AOI_4_Shanghai_img1293.tif,1
AOI_4_Shanghai_img1294.tif,0
AOI_4_Shanghai_img1296.tif,3
AOI_4_Shanghai_img1297.tif,2
AOI_4_Shanghai_img13.tif,1
AOI_4_Shanghai_img130.tif,1
AOI_4_Shanghai_img1300.tif,0
AOI_4_Shanghai_img1301.tif,1
AOI_4_Shanghai_img1304.tif,0
AOI_4_Shanghai_img1305.tif,3
AOI_4_Shanghai_img1307.tif,1
AOI_4_Shanghai_img1309.tif,1
AOI_4_Shanghai_img131.tif,0
AOI_4_Shanghai_img1311.tif,2
AOI_4_Shanghai_img1312.tif,2
AOI_4_Shanghai_img1315.tif,3
AOI_4_Shanghai_img1317.tif,2
AOI_4_Shanghai_img1318.tif,0
AOI_4_Shanghai_img1319.tif,0
AOI_4_Shanghai_img1320.tif,3
AOI_4_Shanghai_img1325.tif,3
AOI_4_Shanghai_img1327.tif,2
AOI_4_Shanghai_img1328.tif,3
AOI_4_Shanghai_img133.tif,1
AOI_4_Shanghai_img1330.tif,2
AOI_4_Shanghai_img1332.tif,2
AOI_4_Shanghai_img1333.tif,1
AOI_4_Shanghai_img1334.tif,2
AOI_4_Shanghai_img1335.tif,2
AOI_4_Shanghai_img1337.tif,2
AOI_4_Shanghai_img1340.tif,1
AOI_4_Shanghai_img1342.tif,0
AOI_4_Shanghai_img1343.tif,0
AOI_4_Shanghai_img1345.tif,0
AOI_4_Shanghai_img1348.tif,3
AOI_4_Shanghai_img1353.tif,2
AOI_4_Shanghai_img1354.tif,1
AOI_4_Shanghai_img1356.tif,0
AOI_4_Shanghai_img1358.tif,0
AOI_4_Shanghai_img1359.tif,3
AOI_4_Shanghai_img136.tif,2
AOI_4_Shanghai_img1360.tif,0
AOI_4_Shanghai_img1361.tif,0
AOI_4_Shanghai_img1363.tif,3
AOI_4_Shanghai_img1365.tif,1
AOI_4_Shanghai_img1366.tif,1
AOI_4_Shanghai_img1368.tif,2
AOI_4_Shanghai_img1369.tif,0
AOI_4_Shanghai_img137.tif,0
AOI_4_Shanghai_img1371.tif,1
AOI_4_Shanghai_img1372.tif,2
AOI_4_Shanghai_img1373.tif,2
AOI_4_Shanghai_img1375.tif,1
AOI_4_Shanghai_img1378.tif,0
AOI_4_Shanghai_img1382.tif,2
AOI_4_Shanghai_img1383.tif,0
AOI_4_Shanghai_img1384.tif,1
AOI_4_Shanghai_img1385.tif,3
AOI_4_Shanghai_img1386.tif,2
AOI_4_Shanghai_img1387.tif,3
AOI_4_Shanghai_img1389.tif,0
AOI_4_Shanghai_img139.tif,1
AOI_4_Shanghai_img1390.tif,1
AOI_4_Shanghai_img1392.tif,2
AOI_4_Shanghai_img1393.tif,2
AOI_4_Shanghai_img1395.tif,1
AOI_4_Shanghai_img1396.tif,1
AOI_4_Shanghai_img1397.tif,0
AOI_4_Shanghai_img140.tif,2
AOI_4_Shanghai_img1401.tif,3
AOI_4_Shanghai_img1403.tif,3
AOI_4_Shanghai_img1404.tif,1
AOI_4_Shanghai_img1405.tif,1
AOI_4_Shanghai_img1406.tif,1
AOI_4_Shanghai_img1407.tif,2
AOI_4_Shanghai_img1408.tif,2
AOI_4_Shanghai_img141.tif,1
AOI_4_Shanghai_img1410.tif,0
AOI_4_Shanghai_img1412.tif,0
AOI_4_Shanghai_img1415.tif,0
AOI_4_Shanghai_img1416.tif,1
AOI_4_Shanghai_img1417.tif,2
AOI_4_Shanghai_img1418.tif,2
AOI_4_Shanghai_img1419.tif,0
AOI_4_Shanghai_img142.tif,1
AOI_4_Shanghai_img1420.tif,0
AOI_4_Shanghai_img1422.tif,3
AOI_4_Shanghai_img1423.tif,2
AOI_4_Shanghai_img1424.tif,1
AOI_4_Shanghai_img1428.tif,0
AOI_4_Shanghai_img143.tif,2
AOI_4_Shanghai_img1430.tif,1
AOI_4_Shanghai_img1431.tif,0
AOI_4_Shanghai_img1432.tif,2
AOI_4_Shanghai_img1435.tif,3
AOI_4_Shanghai_img1437.tif,2
AOI_4_Shanghai_img1439.tif,0
AOI_4_Shanghai_img144.tif,1
AOI_4_Shanghai_img1440.tif,0
AOI_4_Shanghai_img1442.tif,0
AOI_4_Shanghai_img1444.tif,1
AOI_4_Shanghai_img1445.tif,2
AOI_4_Shanghai_img1446.tif,1
AOI_4_Shanghai_img145.tif,2
AOI_4_Shanghai_img1455.tif,2
AOI_4_Shanghai_img1456.tif,3
AOI_4_Shanghai_img1457.tif,2
AOI_4_Shanghai_img1458.tif,0
AOI_4_Shanghai_img1459.tif,2
AOI_4_Shanghai_img1460.tif,2
AOI_4_Shanghai_img1461.tif,0
AOI_4_Shanghai_img1462.tif,1
AOI_4_Shanghai_img1465.tif,2
AOI_4_Shanghai_img1466.tif,0
AOI_4_Shanghai_img1467.tif,3
AOI_4_Shanghai_img147.tif,3
AOI_4_Shanghai_img1470.tif,3
AOI_4_Shanghai_img1472.tif,1
AOI_4_Shanghai_img1473.tif,3
AOI_4_Shanghai_img1474.tif,1
AOI_4_Shanghai_img1476.tif,1
AOI_4_Shanghai_img1477.tif,1
AOI_4_Shanghai_img1478.tif,1
AOI_4_Shanghai_img1479.tif,0
AOI_4_Shanghai_img1480.tif,1
AOI_4_Shanghai_img1481.tif,3
AOI_4_Shanghai_img1485.tif,1
AOI_4_Shanghai_img1486.tif,3
AOI_4_Shanghai_img1487.tif,3
AOI_4_Shanghai_img1488.tif,3
AOI_4_Shanghai_img1492.tif,2
AOI_4_Shanghai_img1493.tif,2
AOI_4_Shanghai_img1497.tif,3
AOI_4_Shanghai_img1499.tif,0
AOI_4_Shanghai_img15.tif,1
AOI_4_Shanghai_img1508.tif,2
AOI_4_Shanghai_img1509.tif,3
AOI_4_Shanghai_img1510.tif,3
AOI_4_Shanghai_img1512.tif,3
AOI_4_Shanghai_img1515.tif,3
AOI_4_Shanghai_img1516.tif,3
AOI_4_Shanghai_img1518.tif,2
AOI_4_Shanghai_img152.tif,2
AOI_4_Shanghai_img1522.tif,2
AOI_4_Shanghai_img1523.tif,3
AOI_4_Shanghai_img1525.tif,1
AOI_4_Shanghai_img1527.tif,0
AOI_4_Shanghai_img1528.tif,1
AOI_4_Shanghai_img153.tif,3
AOI_4_Shanghai_img1531.tif,1
AOI_4_Shanghai_img1532.tif,2
AOI_4_Shanghai_img1536.tif,0
AOI_4_Shanghai_img1537.tif,3
AOI_4_Shanghai_img1538.tif,1
AOI_4_Shanghai_img1539.tif,0
AOI_4_Shanghai_img154.tif,1
AOI_4_Shanghai_img1541.tif,2
AOI_4_Shanghai_img1542.tif,1
AOI_4_Shanghai_img1543.tif,1
AOI_4_Shanghai_img1544.tif,1
AOI_4_Shanghai_img1545.tif,2
AOI_4_Shanghai_img1546.tif,1
AOI_4_Shanghai_img1547.tif,2
AOI_4_Shanghai_img1548.tif,3
AOI_4_Shanghai_img1551.tif,1
AOI_4_Shanghai_img1553.tif,3
AOI_4_Shanghai_img1555.tif,2
AOI_4_Shanghai_img1556.tif,3
AOI_4_Shanghai_img1557.tif,0
AOI_4_Shanghai_img1558.tif,3
AOI_4_Shanghai_img1559.tif,2
AOI_4_Shanghai_img156.tif,2
AOI_4_Shanghai_img1561.tif,0
AOI_4_Shanghai_img1562.tif,1
AOI_4_Shanghai_img1565.tif,1
AOI_4_Shanghai_img1566.tif,2
AOI_4_Shanghai_img1568.tif,2
AOI_4_Shanghai_img1569.tif,2
AOI_4_Shanghai_img1570.tif,1
AOI_4_Shanghai_img1572.tif,0
AOI_4_Shanghai_img1573.tif,0
AOI_4_Shanghai_img1574.tif,3
AOI_4_Shanghai_img1576.tif,1
AOI_4_Shanghai_img1577.tif,2
AOI_4_Shanghai_img1578.tif,3
AOI_4_Shanghai_img1579.tif,2
AOI_4_Shanghai_img1581.tif,1
AOI_4_Shanghai_img1582.tif,3
AOI_4_Shanghai_img1584.tif,1
AOI_4_Shanghai_img1588.tif,2
AOI_4_Shanghai_img1589.tif,2
AOI_4_Shanghai_img159.tif,0
AOI_4_Shanghai_img1592.tif,3
AOI_4_Shanghai_img1594.tif,3
AOI_4_Shanghai_img1596.tif,1
AOI_4_Shanghai_img1597.tif,0
AOI_4_Shanghai_img1598.tif,2
AOI_4_Shanghai_img1599.tif,0
AOI_4_Shanghai_img16.tif,2
AOI_4_Shanghai_img160.tif,1
AOI_4_Shanghai_img1600.tif,2
AOI_4_Shanghai_img1602.tif,0
AOI_4_Shanghai_img1603.tif,3
AOI_4_Shanghai_img1606.tif,1
AOI_4_Shanghai_img1607.tif,1
AOI_4_Shanghai_img1609.tif,2
AOI_4_Shanghai_img161.tif,2
AOI_4_Shanghai_img1610.tif,3
AOI_4_Shanghai_img1611.tif,2
AOI_4_Shanghai_img1613.tif,3
AOI_4_Shanghai_img1614.tif,0
AOI_4_Shanghai_img1615.tif,0
AOI_4_Shanghai_img1616.tif,3
AOI_4_Shanghai_img1618.tif,2
AOI_4_Shanghai_img1621.tif,1
AOI_4_Shanghai_img1622.tif,0
AOI_4_Shanghai_img1625.tif,0
AOI_4_Shanghai_img1628.tif,0
AOI_4_Shanghai_img1629.tif,3
AOI_4_Shanghai_img1630.tif,0
AOI_4_Shanghai_img1632.tif,2
AOI_4_Shanghai_img1633.tif,2
AOI_4_Shanghai_img1634.tif,3
AOI_4_Shanghai_img1639.tif,1
AOI_4_Shanghai_img164.tif,3
AOI_4_Shanghai_img1641.tif,0
AOI_4_Shanghai_img1642.tif,1
AOI_4_Shanghai_img1643.tif,0
AOI_4_Shanghai_img1644.tif,3
AOI_4_Shanghai_img1645.tif,1
AOI_4_Shanghai_img1647.tif,3
AOI_4_Shanghai_img1649.tif,1
AOI_4_Shanghai_img1651.tif,0
AOI_4_Shanghai_img1653.tif,3
AOI_4_Shanghai_img1654.tif,3
AOI_4_Shanghai_img1657.tif,1
AOI_4_Shanghai_img1658.tif,0
AOI_4_Shanghai_img166.tif,3
AOI_4_Shanghai_img1660.tif,3
AOI_4_Shanghai_img1661.tif,0
AOI_4_Shanghai_img1662.tif,1
AOI_4_Shanghai_img1663.tif,2
AOI_4_Shanghai_img1664.tif,2
AOI_4_Shanghai_img1665.tif,0
AOI_4_Shanghai_img1667.tif,3
AOI_4_Shanghai_img167.tif,3
AOI_4_Shanghai_img1672.tif,1
AOI_4_Shanghai_img1673.tif,1
AOI_4_Shanghai_img1674.tif,0
AOI_4_Shanghai_img1675.tif,0
AOI_4_Shanghai_img1676.tif,0
AOI_4_Shanghai_img1677.tif,2
AOI_4_Shanghai_img1679.tif,2
AOI_4_Shanghai_img168.tif,0
AOI_4_Shanghai_img1680.tif,1
AOI_4_Shanghai_img1681.tif,2
AOI_4_Shanghai_img1682.tif,3
AOI_4_Shanghai_img1683.tif,2
AOI_4_Shanghai_img1684.tif,2
AOI_4_Shanghai_img1686.tif,1
AOI_4_Shanghai_img169.tif,3
AOI_4_Shanghai_img1690.tif,3
AOI_4_Shanghai_img1691.tif,3
AOI_4_Shanghai_img1692.tif,2
AOI_4_Shanghai_img1693.tif,1
AOI_4_Shanghai_img1696.tif,3
AOI_4_Shanghai_img1697.tif,0
AOI_4_Shanghai_img17.tif,2
AOI_4_Shanghai_img1700.tif,1
AOI_4_Shanghai_img1701.tif,0
AOI_4_Shanghai_img1703.tif,1
AOI_4_Shanghai_img1707.tif,2
AOI_4_Shanghai_img1708.tif,3
AOI_4_Shanghai_img1709.tif,2
AOI_4_Shanghai_img1711.tif,1
AOI_4_Shanghai_img1712.tif,1
AOI_4_Shanghai_img1716.tif,0
AOI_4_Shanghai_img1718.tif,3
AOI_4_Shanghai_img1720.tif,3
AOI_4_Shanghai_img1722.tif,0
AOI_4_Shanghai_img1725.tif,1
AOI_4_Shanghai_img1726.tif,3
AOI_4_Shanghai_img1727.tif,0
AOI_4_Shanghai_img1729.tif,3
AOI_4_Shanghai_img173.tif,1
AOI_4_Shanghai_img1730.tif,0
AOI_4_Shanghai_img1731.tif,1
AOI_4_Shanghai_img1732.tif,0
AOI_4_Shanghai_img1735.tif,3
AOI_4_Shanghai_img1737.tif,0
AOI_4_Shanghai_img1739.tif,1
AOI_4_Shanghai_img1741.tif,3
AOI_4_Shanghai_img1745.tif,1
AOI_4_Shanghai_img1746.tif,2
AOI_4_Shanghai_img1747.tif,0
AOI_4_Shanghai_img1749.tif,0
AOI_4_Shanghai_img175.tif,3
AOI_4_Shanghai_img1750.tif,0
AOI_4_Shanghai_img1751.tif,1
AOI_4_Shanghai_img1754.tif,1
AOI_4_Shanghai_img1756.tif,0
AOI_4_Shanghai_img1757.tif,2
AOI_4_Shanghai_img1758.tif,2
AOI_4_Shanghai_img176.tif,0
AOI_4_Shanghai_img1760.tif,0
AOI_4_Shanghai_img1764.tif,1
AOI_4_Shanghai_img1766.tif,0
AOI_4_Shanghai_img1768.tif,2
AOI_4_Shanghai_img1769.tif,3
AOI_4_Shanghai_img177.tif,2
AOI_4_Shanghai_img1772.tif,1
AOI_4_Shanghai_img1775.tif,3
AOI_4_Shanghai_img1776.tif,0
AOI_4_Shanghai_img1778.tif,1
AOI_4_Shanghai_img1779.tif,3
AOI_4_Shanghai_img178.tif,1
AOI_4_Shanghai_img1780.tif,3
AOI_4_Shanghai_img1781.tif,1
AOI_4_Shanghai_img1784.tif,1
AOI_4_Shanghai_img1786.tif,0
AOI_4_Shanghai_img1788.tif,3
AOI_4_Shanghai_img179.tif,0
AOI_4_Shanghai_img1791.tif,1
AOI_4_Shanghai_img1793.tif,1
AOI_4_Shanghai_img1795.tif,2
AOI_4_Shanghai_img1796.tif,2
AOI_4_Shanghai_img1798.tif,1
AOI_4_Shanghai_img1799.tif,0
AOI_4_Shanghai_img1801.tif,2
AOI_4_Shanghai_img1802.tif,0
AOI_4_Shanghai_img1803.tif,3
AOI_4_Shanghai_img1804.tif,3
AOI_4_Shanghai_img1806.tif,0
AOI_4_Shanghai_img1807.tif,1
AOI_4_Shanghai_img1808.tif,2
AOI_4_Shanghai_img181.tif,3
AOI_4_Shanghai_img1812.tif,2
AOI_4_Shanghai_img1813.tif,3
AOI_4_Shanghai_img1814.tif,3
AOI_4_Shanghai_img1815.tif,3
AOI_4_Shanghai_img1816.tif,0
AOI_4_Shanghai_img1819.tif,0
AOI_4_Shanghai_img182.tif,0
AOI_4_Shanghai_img1823.tif,3
AOI_4_Shanghai_img1827.tif,2
AOI_4_Shanghai_img1832.tif,1
AOI_4_Shanghai_img184.tif,0
AOI_4_Shanghai_img1840.tif,3
AOI_4_Shanghai_img1841.tif,1
AOI_4_Shanghai_img1842.tif,3
AOI_4_Shanghai_img1844.tif,1
AOI_4_Shanghai_img1845.tif,2
AOI_4_Shanghai_img1846.tif,1
AOI_4_Shanghai_img1847.tif,2
AOI_4_Shanghai_img1848.tif,1
AOI_4_Shanghai_img1849.tif,0
AOI_4_Shanghai_img185.tif,2
AOI_4_Shanghai_img1851.tif,1
AOI_4_Shanghai_img1852.tif,2
AOI_4_Shanghai_img1853.tif,1
AOI_4_Shanghai_img1854.tif,3
AOI_4_Shanghai_img1855.tif,0
AOI_4_Shanghai_img1856.tif,2
AOI_4_Shanghai_img1857.tif,1
AOI_4_Shanghai_img1858.tif,1
AOI_4_Shanghai_img1859.tif,1
AOI_4_Shanghai_img186.tif,3
AOI_4_Shanghai_img1860.tif,1
AOI_4_Shanghai_img1861.tif,0
AOI_4_Shanghai_img1862.tif,3
AOI_4_Shanghai_img1863.tif,0
AOI_4_Shanghai_img1864.tif,1
AOI_4_Shanghai_img1865.tif,3
AOI_4_Shanghai_img1866.tif,1
AOI_4_Shanghai_img1867.tif,1
AOI_4_Shanghai_img1868.tif,2
AOI_4_Shanghai_img1869.tif,0
AOI_4_Shanghai_img1870.tif,2
AOI_4_Shanghai_img1871.tif,3
AOI_4_Shanghai_img1873.tif,2
AOI_4_Shanghai_img1874.tif,2
AOI_4_Shanghai_img1877.tif,0
AOI_4_Shanghai_img1878.tif,1
AOI_4_Shanghai_img1879.tif,0
AOI_4_Shanghai_img1881.tif,2
AOI_4_Shanghai_img1884.tif,1
AOI_4_Shanghai_img1885.tif,0
AOI_4_Shanghai_img1886.tif,3
AOI_4_Shanghai_img1887.tif,2
AOI_4_Shanghai_img1888.tif,3
AOI_4_Shanghai_img1889.tif,3
AOI_4_Shanghai_img1890.tif,2
AOI_4_Shanghai_img1892.tif,2
AOI_4_Shanghai_img1893.tif,1
AOI_4_Shanghai_img1894.tif,2
AOI_4_Shanghai_img1897.tif,0
AOI_4_Shanghai_img19.tif,3
AOI_4_Shanghai_img1900.tif,2
AOI_4_Shanghai_img1902.tif,1
AOI_4_Shanghai_img1903.tif,3
AOI_4_Shanghai_img1906.tif,2
AOI_4_Shanghai_img1907.tif,0
AOI_4_Shanghai_img1909.tif,0
AOI_4_Shanghai_img1910.tif,1
AOI_4_Shanghai_img1913.tif,0
AOI_4_Shanghai_img1914.tif,3
AOI_4_Shanghai_img1915.tif,1
AOI_4_Shanghai_img1916.tif,2
AOI_4_Shanghai_img1917.tif,0
AOI_4_Shanghai_img1918.tif,1
AOI_4_Shanghai_img1919.tif,2
AOI_4_Shanghai_img192.tif,2
AOI_4_Shanghai_img1920.tif,3
AOI_4_Shanghai_img1921.tif,1
AOI_4_Shanghai_img1926.tif,2
AOI_4_Shanghai_img1928.tif,3
AOI_4_Shanghai_img1936.tif,2
AOI_4_Shanghai_img1939.tif,0
AOI_4_Shanghai_img194.tif,3
AOI_4_Shanghai_img1940.tif,0
AOI_4_Shanghai_img1941.tif,2
AOI_4_Shanghai_img1942.tif,2
AOI_4_Shanghai_img1943.tif,1
AOI_4_Shanghai_img1946.tif,0
AOI_4_Shanghai_img1948.tif,1
AOI_4_Shanghai_img195.tif,1
AOI_4_Shanghai_img1950.tif,1
AOI_4_Shanghai_img1951.tif,3
AOI_4_Shanghai_img1953.tif,1
AOI_4_Shanghai_img1954.tif,2
AOI_4_Shanghai_img1955.tif,3
AOI_4_Shanghai_img1956.tif,2
AOI_4_Shanghai_img1957.tif,2
AOI_4_Shanghai_img1959.tif,0
AOI_4_Shanghai_img196.tif,1
AOI_4_Shanghai_img1960.tif,0
AOI_4_Shanghai_img1962.tif,0
AOI_4_Shanghai_img1965.tif,2
AOI_4_Shanghai_img1966.tif,1
AOI_4_Shanghai_img1969.tif,3
AOI_4_Shanghai_img197.tif,3
AOI_4_Shanghai_img1970.tif,0
AOI_4_Shanghai_img1971.tif,1
AOI_4_Shanghai_img1972.tif,1
AOI_4_Shanghai_img1973.tif,1
AOI_4_Shanghai_img1975.tif,2
AOI_4_Shanghai_img1976.tif,3
AOI_4_Shanghai_img1977.tif,0
AOI_4_Shanghai_img1979.tif,3
AOI_4_Shanghai_img198.tif,3
AOI_4_Shanghai_img1980.tif,1
AOI_4_Shanghai_img1981.tif,0
AOI_4_Shanghai_img1982.tif,1
AOI_4_Shanghai_img1983.tif,2
AOI_4_Shanghai_img1984.tif,0
AOI_4_Shanghai_img1985.tif,3
AOI_4_Shanghai_img1986.tif,1
AOI_4_Shanghai_img1987.tif,3
AOI_4_Shanghai_img1988.tif,0
AOI_4_Shanghai_img1989.tif,2
AOI_4_Shanghai_img199.tif,0
AOI_4_Shanghai_img1990.tif,1
AOI_4_Shanghai_img1992.tif,2
AOI_4_Shanghai_img1993.tif,3
AOI_4_Shanghai_img1994.tif,3
AOI_4_Shanghai_img2.tif,2
AOI_4_Shanghai_img201.tif,2
AOI_4_Shanghai_img203.tif,3
AOI_4_Shanghai_img209.tif,0
AOI_4_Shanghai_img21.tif,0
AOI_4_Shanghai_img211.tif,1
AOI_4_Shanghai_img212.tif,0
AOI_4_Shanghai_img213.tif,3
AOI_4_Shanghai_img215.tif,2
AOI_4_Shanghai_img218.tif,3
AOI_4_Shanghai_img219.tif,3
AOI_4_Shanghai_img22.tif,1
AOI_4_Shanghai_img220.tif,1
AOI_4_Shanghai_img221.tif,2
AOI_4_Shanghai_img225.tif,0
AOI_4_Shanghai_img226.tif,3
AOI_4_Shanghai_img227.tif,2
AOI_4_Shanghai_img228.tif,2
AOI_4_Shanghai_img229.tif,0
AOI_4_Shanghai_img23.tif,1
AOI_4_Shanghai_img232.tif,1
AOI_4_Shanghai_img234.tif,0
AOI_4_Shanghai_img235.tif,1
AOI_4_Shanghai_img237.tif,3
AOI_4_Shanghai_img239.tif,3
AOI_4_Shanghai_img242.tif,1
AOI_4_Shanghai_img244.tif,1
AOI_4_Shanghai_img245.tif,3
AOI_4_Shanghai_img246.tif,2
AOI_4_Shanghai_img247.tif,1
AOI_4_Shanghai_img248.tif,3
AOI_4_Shanghai_img249.tif,2
AOI_4_Shanghai_img25.tif,0
AOI_4_Shanghai_img250.tif,3
AOI_4_Shanghai_img251.tif,1
AOI_4_Shanghai_img253.tif,3
AOI_4_Shanghai_img255.tif,2
AOI_4_Shanghai_img256.tif,2
AOI_4_Shanghai_img257.tif,0
AOI_4_Shanghai_img260.tif,1
AOI_4_Shanghai_img262.tif,3
AOI_4_Shanghai_img263.tif,2
AOI_4_Shanghai_img264.tif,1
AOI_4_Shanghai_img267.tif,2
AOI_4_Shanghai_img269.tif,1
AOI_4_Shanghai_img27.tif,0
AOI_4_Shanghai_img270.tif,2
AOI_4_Shanghai_img271.tif,3
AOI_4_Shanghai_img272.tif,3
AOI_4_Shanghai_img273.tif,3
AOI_4_Shanghai_img274.tif,0
AOI_4_Shanghai_img275.tif,0
AOI_4_Shanghai_img277.tif,3
AOI_4_Shanghai_img278.tif,1
AOI_4_Shanghai_img279.tif,1
AOI_4_Shanghai_img280.tif,1
AOI_4_Shanghai_img281.tif,3
AOI_4_Shanghai_img286.tif,2
AOI_4_Shanghai_img288.tif,2
AOI_4_Shanghai_img29.tif,0
AOI_4_Shanghai_img294.tif,2
AOI_4_Shanghai_img295.tif,2
AOI_4_Shanghai_img296.tif,1
AOI_4_Shanghai_img297.tif,0
AOI_4_Shanghai_img298.tif,0
AOI_4_Shanghai_img3.tif,2
AOI_4_Shanghai_img30.tif,0
AOI_4_Shanghai_img300.tif,2
AOI_4_Shanghai_img301.tif,3
AOI_4_Shanghai_img303.tif,2
AOI_4_Shanghai_img304.tif,2
AOI_4_Shanghai_img305.tif,1
AOI_4_Shanghai_img306.tif,3
AOI_4_Shanghai_img307.tif,1
AOI_4_Shanghai_img308.tif,2
AOI_4_Shanghai_img309.tif,0
AOI_4_Shanghai_img310.tif,1
AOI_4_Shanghai_img313.tif,0
AOI_4_Shanghai_img314.tif,2
AOI_4_Shanghai_img315.tif,1
AOI_4_Shanghai_img316.tif,3
AOI_4_Shanghai_img318.tif,3
AOI_4_Shanghai_img319.tif,1
AOI_4_Shanghai_img32.tif,1
AOI_4_Shanghai_img321.tif,2
AOI_4_Shanghai_img323.tif,2
AOI_4_Shanghai_img324.tif,0
AOI_4_Shanghai_img325.tif,2
AOI_4_Shanghai_img328.tif,0
AOI_4_Shanghai_img329.tif,1
AOI_4_Shanghai_img33.tif,3
AOI_4_Shanghai_img330.tif,0
AOI_4_Shanghai_img331.tif,0
AOI_4_Shanghai_img332.tif,2
AOI_4_Shanghai_img333.tif,0
AOI_4_Shanghai_img334.tif,0
AOI_4_Shanghai_img335.tif,3
AOI_4_Shanghai_img339.tif,0
AOI_4_Shanghai_img342.tif,2
AOI_4_Shanghai_img343.tif,3
AOI_4_Shanghai_img344.tif,0
AOI_4_Shanghai_img345.tif,3
AOI_4_Shanghai_img347.tif,0
AOI_4_Shanghai_img351.tif,0
AOI_4_Shanghai_img353.tif,1
AOI_4_Shanghai_img355.tif,3
AOI_4_Shanghai_img356.tif,3
AOI_4_Shanghai_img357.tif,2
AOI_4_Shanghai_img359.tif,3
AOI_4_Shanghai_img360.tif,3
AOI_4_Shanghai_img361.tif,3
AOI_4_Shanghai_img362.tif,0
AOI_4_Shanghai_img366.tif,0
AOI_4_Shanghai_img367.tif,2
AOI_4_Shanghai_img369.tif,0
AOI_4_Shanghai_img37.tif,3
AOI_4_Shanghai_img370.tif,0
AOI_4_Shanghai_img371.tif,0
AOI_4_Shanghai_img372.tif,2
AOI_4_Shanghai_img373.tif,3
AOI_4_Shanghai_img375.tif,2
AOI_4_Shanghai_img377.tif,1
AOI_4_Shanghai_img379.tif,1
AOI_4_Shanghai_img38.tif,1
AOI_4_Shanghai_img380.tif,0
AOI_4_Shanghai_img381.tif,1
AOI_4_Shanghai_img382.tif,1
AOI_4_Shanghai_img383.tif,3
AOI_4_Shanghai_img384.tif,1
AOI_4_Shanghai_img385.tif,3
AOI_4_Shanghai_img386.tif,0
AOI_4_Shanghai_img388.tif,0
AOI_4_Shanghai_img389.tif,3
AOI_4_Shanghai_img390.tif,0
AOI_4_Shanghai_img392.tif,2
AOI_4_Shanghai_img393.tif,2
AOI_4_Shanghai_img397.tif,3
AOI_4_Shanghai_img399.tif,0
AOI_4_Shanghai_img4.tif,1
AOI_4_Shanghai_img400.tif,3
AOI_4_Shanghai_img401.tif,2
AOI_4_Shanghai_img402.tif,1
AOI_4_Shanghai_img404.tif,0
AOI_4_Shanghai_img406.tif,0
AOI_4_Shanghai_img407.tif,3
AOI_4_Shanghai_img41.tif,0
AOI_4_Shanghai_img413.tif,3
AOI_4_Shanghai_img414.tif,3
AOI_4_Shanghai_img416.tif,1
AOI_4_Shanghai_img417.tif,2
AOI_4_Shanghai_img420.tif,0
AOI_4_Shanghai_img421.tif,0
AOI_4_Shanghai_img423.tif,0
AOI_4_Shanghai_img424.tif,2
AOI_4_Shanghai_img428.tif,3
AOI_4_Shanghai_img430.tif,1
AOI_4_Shanghai_img431.tif,2
AOI_4_Shanghai_img432.tif,3
AOI_4_Shanghai_img434.tif,2
AOI_4_Shanghai_img435.tif,2
AOI_4_Shanghai_img436.tif,1
AOI_4_Shanghai_img437.tif,0
AOI_4_Shanghai_img438.tif,0
AOI_4_Shanghai_img439.tif,2
AOI_4_Shanghai_img44.tif,2
AOI_4_Shanghai_img441.tif,1
AOI_4_Shanghai_img442.tif,2
AOI_4_Shanghai_img443.tif,2
AOI_4_Shanghai_img445.tif,3
AOI_4_Shanghai_img448.tif,3
AOI_4_Shanghai_img450.tif,3
AOI_4_Shanghai_img451.tif,3
AOI_4_Shanghai_img452.tif,1
AOI_4_Shanghai_img454.tif,1
AOI_4_Shanghai_img455.tif,2
AOI_4_Shanghai_img456.tif,1
AOI_4_Shanghai_img457.tif,3
AOI_4_Shanghai_img460.tif,2
AOI_4_Shanghai_img461.tif,1
AOI_4_Shanghai_img465.tif,1
AOI_4_Shanghai_img468.tif,2
AOI_4_Shanghai_img47.tif,0
AOI_4_Shanghai_img471.tif,3
AOI_4_Shanghai_img472.tif,1
AOI_4_Shanghai_img473.tif,2
AOI_4_Shanghai_img474.tif,0
AOI_4_Shanghai_img475.tif,1
AOI_4_Shanghai_img477.tif,2
AOI_4_Shanghai_img478.tif,0
AOI_4_Shanghai_img480.tif,3
AOI_4_Shanghai_img482.tif,2
AOI_4_Shanghai_img483.tif,2
AOI_4_Shanghai_img484.tif,2
AOI_4_Shanghai_img485.tif,0
AOI_4_Shanghai_img486.tif,3
AOI_4_Shanghai_img489.tif,2
AOI_4_Shanghai_img490.tif,3
AOI_4_Shanghai_img491.tif,0
AOI_4_Shanghai_img492.tif,1
AOI_4_Shanghai_img493.tif,3
AOI_4_Shanghai_img495.tif,2
AOI_4_Shanghai_img496.tif,1
AOI_4_Shanghai_img497.tif,3
AOI_4_Shanghai_img499.tif,0
AOI_4_Shanghai_img5.tif,2
AOI_4_Shanghai_img50.tif,0
AOI_4_Shanghai_img500.tif,0
AOI_4_Shanghai_img501.tif,1
AOI_4_Shanghai_img502.tif,3
AOI_4_Shanghai_img503.tif,2
AOI_4_Shanghai_img504.tif,0
AOI_4_Shanghai_img508.tif,1
AOI_4_Shanghai_img509.tif,1
AOI_4_Shanghai_img51.tif,1
AOI_4_Shanghai_img510.tif,2
AOI_4_Shanghai_img511.tif,1
AOI_4_Shanghai_img513.tif,3
AOI_4_Shanghai_img516.tif,0
AOI_4_Shanghai_img517.tif,1
AOI_4_Shanghai_img519.tif,3
AOI_4_Shanghai_img52.tif,3
AOI_4_Shanghai_img523.tif,2
AOI_4_Shanghai_img524.tif,2
AOI_4_Shanghai_img525.tif,1
AOI_4_Shanghai_img526.tif,1
AOI_4_Shanghai_img530.tif,3
AOI_4_Shanghai_img531.tif,2
AOI_4_Shanghai_img532.tif,3
AOI_4_Shanghai_img534.tif,3
AOI_4_Shanghai_img535.tif,1
AOI_4_Shanghai_img536.tif,3
AOI_4_Shanghai_img537.tif,1
AOI_4_Shanghai_img538.tif,0
AOI_4_Shanghai_img539.tif,0
AOI_4_Shanghai_img54.tif,1
AOI_4_Shanghai_img541.tif,0
AOI_4_Shanghai_img543.tif,0
AOI_4_Shanghai_img544.tif,2
AOI_4_Shanghai_img545.tif,3
AOI_4_Shanghai_img546.tif,3
AOI_4_Shanghai_img548.tif,0
AOI_4_Shanghai_img550.tif,0
AOI_4_Shanghai_img551.tif,1
AOI_4_Shanghai_img554.tif,0
AOI_4_Shanghai_img556.tif,3
AOI_4_Shanghai_img557.tif,2
AOI_4_Shanghai_img558.tif,0
AOI_4_Shanghai_img56.tif,3
AOI_4_Shanghai_img560.tif,3
AOI_4_Shanghai_img565.tif,0
AOI_4_Shanghai_img567.tif,1
AOI_4_Shanghai_img57.tif,1
AOI_4_Shanghai_img571.tif,0
AOI_4_Shanghai_img573.tif,3
AOI_4_Shanghai_img576.tif,0
AOI_4_Shanghai_img577.tif,1
AOI_4_Shanghai_img578.tif,3
AOI_4_Shanghai_img579.tif,2
AOI_4_Shanghai_img58.tif,0
AOI_4_Shanghai_img580.tif,0
AOI_4_Shanghai_img581.tif,1
AOI_4_Shanghai_img588.tif,0
AOI_4_Shanghai_img589.tif,3
AOI_4_Shanghai_img590.tif,2
AOI_4_Shanghai_img592.tif,0
AOI_4_Shanghai_img594.tif,1
AOI_4_Shanghai_img597.tif,3
AOI_4_Shanghai_img598.tif,2
AOI_4_Shanghai_img599.tif,3
AOI_4_Shanghai_img6.tif,2
AOI_4_Shanghai_img60.tif,2
AOI_4_Shanghai_img600.tif,2
AOI_4_Shanghai_img601.tif,2
AOI_4_Shanghai_img604.tif,0
AOI_4_Shanghai_img605.tif,1
AOI_4_Shanghai_img606.tif,0
AOI_4_Shanghai_img607.tif,1
AOI_4_Shanghai_img608.tif,0
AOI_4_Shanghai_img609.tif,3
AOI_4_Shanghai_img610.tif,0
AOI_4_Shanghai_img611.tif,3
AOI_4_Shanghai_img612.tif,2
AOI_4_Shanghai_img615.tif,0
AOI_4_Shanghai_img616.tif,2
AOI_4_Shanghai_img618.tif,0
AOI_4_Shanghai_img619.tif,2
AOI_4_Shanghai_img620.tif,1
AOI_4_Shanghai_img621.tif,0
AOI_4_Shanghai_img624.tif,3
AOI_4_Shanghai_img626.tif,3
AOI_4_Shanghai_img629.tif,3
AOI_4_Shanghai_img631.tif,3
AOI_4_Shanghai_img632.tif,1
AOI_4_Shanghai_img633.tif,3
AOI_4_Shanghai_img635.tif,3
AOI_4_Shanghai_img636.tif,1
AOI_4_Shanghai_img637.tif,3
AOI_4_Shanghai_img64.tif,3
AOI_4_Shanghai_img641.tif,2
AOI_4_Shanghai_img642.tif,1
AOI_4_Shanghai_img643.tif,2
AOI_4_Shanghai_img644.tif,0
AOI_4_Shanghai_img645.tif,3
AOI_4_Shanghai_img646.tif,3
AOI_4_Shanghai_img648.tif,2
AOI_4_Shanghai_img65.tif,3
AOI_4_Shanghai_img650.tif,1
AOI_4_Shanghai_img651.tif,0
AOI_4_Shanghai_img656.tif,2
AOI_4_Shanghai_img659.tif,2
AOI_4_Shanghai_img660.tif,2
AOI_4_Shanghai_img664.tif,3
AOI_4_Shanghai_img665.tif,0
AOI_4_Shanghai_img666.tif,2
AOI_4_Shanghai_img667.tif,0
AOI_4_Shanghai_img67.tif,2
AOI_4_Shanghai_img671.tif,1
AOI_4_Shanghai_img673.tif,3
AOI_4_Shanghai_img677.tif,1
AOI_4_Shanghai_img680.tif,0
AOI_4_Shanghai_img683.tif,1
AOI_4_Shanghai_img684.tif,1
AOI_4_Shanghai_img687.tif,0
AOI_4_Shanghai_img689.tif,0
AOI_4_Shanghai_img690.tif,3
AOI_4_Shanghai_img694.tif,2
AOI_4_Shanghai_img696.tif,2
AOI_4_Shanghai_img697.tif,1
AOI_4_Shanghai_img699.tif,3
AOI_4_Shanghai_img7.tif,1
AOI_4_Shanghai_img700.tif,3
AOI_4_Shanghai_img702.tif,2
AOI_4_Shanghai_img704.tif,1
AOI_4_Shanghai_img705.tif,0
AOI_4_Shanghai_img706.tif,3
AOI_4_Shanghai_img707.tif,2
AOI_4_Shanghai_img708.tif,1
AOI_4_Shanghai_img710.tif,0
AOI_4_Shanghai_img711.tif,0
AOI_4_Shanghai_img713.tif,1
AOI_4_Shanghai_img714.tif,3
AOI_4_Shanghai_img717.tif,0
AOI_4_Shanghai_img719.tif,3
AOI_4_Shanghai_img720.tif,2
AOI_4_Shanghai_img721.tif,1
AOI_4_Shanghai_img722.tif,1
AOI_4_Shanghai_img723.tif,0
AOI_4_Shanghai_img724.tif,1
AOI_4_Shanghai_img725.tif,3
AOI_4_Shanghai_img726.tif,3
AOI_4_Shanghai_img727.tif,2
AOI_4_Shanghai_img728.tif,1
AOI_4_Shanghai_img729.tif,0
AOI_4_Shanghai_img73.tif,1
AOI_4_Shanghai_img730.tif,2
AOI_4_Shanghai_img731.tif,0
AOI_4_Shanghai_img732.tif,1
AOI_4_Shanghai_img733.tif,2
AOI_4_Shanghai_img734.tif,1
AOI_4_Shanghai_img737.tif,1
AOI_4_Shanghai_img74.tif,0
AOI_4_Shanghai_img740.tif,1
AOI_4_Shanghai_img742.tif,3
AOI_4_Shanghai_img744.tif,2
AOI_4_Shanghai_img745.tif,2
AOI_4_Shanghai_img746.tif,1
AOI_4_Shanghai_img747.tif,3
AOI_4_Shanghai_img749.tif,3
AOI_4_Shanghai_img75.tif,2
AOI_4_Shanghai_img752.tif,2
AOI_4_Shanghai_img753.tif,1
AOI_4_Shanghai_img754.tif,3
AOI_4_Shanghai_img755.tif,0
AOI_4_Shanghai_img756.tif,3
AOI_4_Shanghai_img760.tif,3
AOI_4_Shanghai_img761.tif,0
AOI_4_Shanghai_img763.tif,0
AOI_4_Shanghai_img766.tif,1
AOI_4_Shanghai_img768.tif,2
AOI_4_Shanghai_img769.tif,2
AOI_4_Shanghai_img77.tif,1
AOI_4_Shanghai_img770.tif,2
AOI_4_Shanghai_img772.tif,0
AOI_4_Shanghai_img773.tif,0
AOI_4_Shanghai_img774.tif,0
AOI_4_Shanghai_img780.tif,0
AOI_4_Shanghai_img781.tif,1
AOI_4_Shanghai_img783.tif,0
AOI_4_Shanghai_img789.tif,0
AOI_4_Shanghai_img79.tif,0
AOI_4_Shanghai_img790.tif,2
AOI_4_Shanghai_img792.tif,3
AOI_4_Shanghai_img795.tif,0
AOI_4_Shanghai_img796.tif,2
AOI_4_Shanghai_img797.tif,1
AOI_4_Shanghai_img798.tif,1
AOI_4_Shanghai_img799.tif,0
AOI_4_Shanghai_img8.tif,1
AOI_4_Shanghai_img800.tif,3
AOI_4_Shanghai_img802.tif,3
AOI_4_Shanghai_img806.tif,0
AOI_4_Shanghai_img807.tif,3
AOI_4_Shanghai_img808.tif,1
AOI_4_Shanghai_img809.tif,1
AOI_4_Shanghai_img81.tif,2
AOI_4_Shanghai_img813.tif,0
AOI_4_Shanghai_img814.tif,2
AOI_4_Shanghai_img817.tif,3
AOI_4_Shanghai_img818.tif,0
AOI_4_Shanghai_img821.tif,3
AOI_4_Shanghai_img822.tif,0
AOI_4_Shanghai_img823.tif,3
AOI_4_Shanghai_img824.tif,1
AOI_4_Shanghai_img826.tif,0
AOI_4_Shanghai_img827.tif,3
AOI_4_Shanghai_img828.tif,2
AOI_4_Shanghai_img829.tif,2
AOI_4_Shanghai_img830.tif,0
AOI_4_Shanghai_img831.tif,0
AOI_4_Shanghai_img833.tif,3
AOI_4_Shanghai_img837.tif,2
AOI_4_Shanghai_img838.tif,3
AOI_4_Shanghai_img840.tif,0
AOI_4_Shanghai_img841.tif,1
AOI_4_Shanghai_img843.tif,2
AOI_4_Shanghai_img845.tif,2
AOI_4_Shanghai_img846.tif,2
AOI_4_Shanghai_img847.tif,3
AOI_4_Shanghai_img85.tif,0
AOI_4_Shanghai_img851.tif,2
AOI_4_Shanghai_img852.tif,3
AOI_4_Shanghai_img853.tif,0
AOI_4_Shanghai_img854.tif,2
AOI_4_Shanghai_img855.tif,0
AOI_4_Shanghai_img856.tif,1
AOI_4_Shanghai_img857.tif,0
AOI_4_Shanghai_img859.tif,3
AOI_4_Shanghai_img860.tif,0
AOI_4_Shanghai_img861.tif,3
AOI_4_Shanghai_img862.tif,0
AOI_4_Shanghai_img864.tif,0
AOI_4_Shanghai_img866.tif,3
AOI_4_Shanghai_img869.tif,1
AOI_4_Shanghai_img87.tif,3
AOI_4_Shanghai_img871.tif,2
AOI_4_Shanghai_img872.tif,0
AOI_4_Shanghai_img873.tif,2
AOI_4_Shanghai_img874.tif,3
AOI_4_Shanghai_img875.tif,2
AOI_4_Shanghai_img876.tif,2
AOI_4_Shanghai_img879.tif,2
AOI_4_Shanghai_img881.tif,2
AOI_4_Shanghai_img882.tif,2
AOI_4_Shanghai_img885.tif,0
AOI_4_Shanghai_img886.tif,2
AOI_4_Shanghai_img887.tif,0
AOI_4_Shanghai_img888.tif,3
AOI_4_Shanghai_img89.tif,1
AOI_4_Shanghai_img890.tif,3
AOI_4_Shanghai_img891.tif,1
AOI_4_Shanghai_img893.tif,3
AOI_4_Shanghai_img894.tif,1
AOI_4_Shanghai_img897.tif,1
AOI_4_Shanghai_img899.tif,3
AOI_4_Shanghai_img90.tif,0
AOI_4_Shanghai_img900.tif,3
AOI_4_Shanghai_img901.tif,2
AOI_4_Shanghai_img902.tif,2
AOI_4_Shanghai_img903.tif,1
AOI_4_Shanghai_img905.tif,0
AOI_4_Shanghai_img906.tif,1
AOI_4_Shanghai_img907.tif,0
AOI_4_Shanghai_img908.tif,2
AOI_4_Shanghai_img909.tif,0
AOI_4_Shanghai_img91.tif,3
AOI_4_Shanghai_img910.tif,3
AOI_4_Shanghai_img911.tif,1
AOI_4_Shanghai_img912.tif,3
AOI_4_Shanghai_img913.tif,0
AOI_4_Shanghai_img917.tif,1
AOI_4_Shanghai_img918.tif,3
AOI_4_Shanghai_img919.tif,0
AOI_4_Shanghai_img92.tif,3
AOI_4_Shanghai_img920.tif,2
AOI_4_Shanghai_img924.tif,0
AOI_4_Shanghai_img925.tif,0
AOI_4_Shanghai_img926.tif,3
AOI_4_Shanghai_img927.tif,3
AOI_4_Shanghai_img93.tif,0
AOI_4_Shanghai_img933.tif,0
AOI_4_Shanghai_img934.tif,2
AOI_4_Shanghai_img936.tif,3
AOI_4_Shanghai_img939.tif,2
AOI_4_Shanghai_img94.tif,2
AOI_4_Shanghai_img940.tif,1
AOI_4_Shanghai_img941.tif,0
AOI_4_Shanghai_img942.tif,2
AOI_4_Shanghai_img943.tif,2
AOI_4_Shanghai_img945.tif,3
AOI_4_Shanghai_img947.tif,0
AOI_4_Shanghai_img950.tif,0
AOI_4_Shanghai_img953.tif,3
AOI_4_Shanghai_img954.tif,1
AOI_4_Shanghai_img955.tif,1
AOI_4_Shanghai_img960.tif,1
AOI_4_Shanghai_img961.tif,3
AOI_4_Shanghai_img962.tif,3
AOI_4_Shanghai_img963.tif,1
AOI_4_Shanghai_img964.tif,0
AOI_4_Shanghai_img966.tif,3
AOI_4_Shanghai_img967.tif,3
AOI_4_Shanghai_img969.tif,1
AOI_4_Shanghai_img970.tif,2
AOI_4_Shanghai_img971.tif,3
AOI_4_Shanghai_img973.tif,1
AOI_4_Shanghai_img975.tif,2
AOI_4_Shanghai_img977.tif,1
AOI_4_Shanghai_img978.tif,2
AOI_4_Shanghai_img979.tif,3
AOI_4_Shanghai_img98.tif,1
AOI_4_Shanghai_img982.tif,1
AOI_4_Shanghai_img983.tif,2
AOI_4_Shanghai_img987.tif,3
AOI_4_Shanghai_img989.tif,0
AOI_4_Shanghai_img99.tif,2
AOI_4_Shanghai_img991.tif,3
AOI_4_Shanghai_img994.tif,2
AOI_4_Shanghai_img995.tif,3
AOI_4_Shanghai_img996.tif,0
AOI_4_Shanghai_img999.tif,2
AOI_5_Khartoum_img1.tif,3
AOI_5_Khartoum_img100.tif,2
AOI_5_Khartoum_img102.tif,3
AOI_5_Khartoum_img104.tif,3
AOI_5_Khartoum_img105.tif,0
AOI_5_Khartoum_img106.tif,2
AOI_5_Khartoum_img108.tif,3
AOI_5_Khartoum_img11.tif,3
AOI_5_Khartoum_img113.tif,3
AOI_5_Khartoum_img114.tif,2
AOI_5_Khartoum_img115.tif,2
AOI_5_Khartoum_img116.tif,0
AOI_5_Khartoum_img118.tif,2
AOI_5_Khartoum_img122.tif,1
AOI_5_Khartoum_img123.tif,3
AOI_5_Khartoum_img125.tif,0
AOI_5_Khartoum_img128.tif,1
AOI_5_Khartoum_img129.tif,3
AOI_5_Khartoum_img130.tif,3
AOI_5_Khartoum_img131.tif,2
AOI_5_Khartoum_img134.tif,1
AOI_5_Khartoum_img136.tif,0
AOI_5_Khartoum_img137.tif,2
AOI_5_Khartoum_img138.tif,2
AOI_5_Khartoum_img143.tif,1
AOI_5_Khartoum_img145.tif,3
AOI_5_Khartoum_img147.tif,0
AOI_5_Khartoum_img148.tif,1
AOI_5_Khartoum_img149.tif,2
AOI_5_Khartoum_img150.tif,0
AOI_5_Khartoum_img151.tif,2
AOI_5_Khartoum_img153.tif,2
AOI_5_Khartoum_img154.tif,1
AOI_5_Khartoum_img155.tif,2
AOI_5_Khartoum_img157.tif,1
AOI_5_Khartoum_img158.tif,1
AOI_5_Khartoum_img162.tif,0
AOI_5_Khartoum_img164.tif,3
AOI_5_Khartoum_img166.tif,1
AOI_5_Khartoum_img17.tif,0
AOI_5_Khartoum_img171.tif,0
AOI_5_Khartoum_img172.tif,0
AOI_5_Khartoum_img173.tif,2
AOI_5_Khartoum_img174.tif,1
AOI_5_Khartoum_img175.tif,1
AOI_5_Khartoum_img176.tif,3
AOI_5_Khartoum_img178.tif,2
AOI_5_Khartoum_img18.tif,1
AOI_5_Khartoum_img180.tif,0
AOI_5_Khartoum_img181.tif,1
AOI_5_Khartoum_img182.tif,0
AOI_5_Khartoum_img183.tif,3
AOI_5_Khartoum_img185.tif,1
AOI_5_Khartoum_img187.tif,0
AOI_5_Khartoum_img189.tif,3
AOI_5_Khartoum_img19.tif,3
AOI_5_Khartoum_img190.tif,2
AOI_5_Khartoum_img191.tif,1
AOI_5_Khartoum_img192.tif,3
AOI_5_Khartoum_img193.tif,1
AOI_5_Khartoum_img194.tif,2
AOI_5_Khartoum_img195.tif,2
AOI_5_Khartoum_img197.tif,2
AOI_5_Khartoum_img199.tif,1
AOI_5_Khartoum_img2.tif,2
AOI_5_Khartoum_img20.tif,3
AOI_5_Khartoum_img203.tif,1
AOI_5_Khartoum_img204.tif,2
AOI_5_Khartoum_img205.tif,2
AOI_5_Khartoum_img207.tif,3
AOI_5_Khartoum_img21.tif,3
AOI_5_Khartoum_img211.tif,0
AOI_5_Khartoum_img213.tif,1
AOI_5_Khartoum_img216.tif,2
AOI_5_Khartoum_img218.tif,3
AOI_5_Khartoum_img219.tif,3
AOI_5_Khartoum_img220.tif,0
AOI_5_Khartoum_img222.tif,1
AOI_5_Khartoum_img224.tif,0
AOI_5_Khartoum_img225.tif,3
AOI_5_Khartoum_img227.tif,3
AOI_5_Khartoum_img228.tif,0
AOI_5_Khartoum_img23.tif,2
AOI_5_Khartoum_img230.tif,2
AOI_5_Khartoum_img231.tif,3
AOI_5_Khartoum_img233.tif,2
AOI_5_Khartoum_img234.tif,2
AOI_5_Khartoum_img236.tif,2
AOI_5_Khartoum_img238.tif,1
AOI_5_Khartoum_img24.tif,0
AOI_5_Khartoum_img240.tif,2
AOI_5_Khartoum_img241.tif,1
AOI_5_Khartoum_img244.tif,0
AOI_5_Khartoum_img246.tif,1
AOI_5_Khartoum_img247.tif,1
AOI_5_Khartoum_img248.tif,3
AOI_5_Khartoum_img249.tif,2
AOI_5_Khartoum_img25.tif,2
AOI_5_Khartoum_img250.tif,2
AOI_5_Khartoum_img252.tif,0
AOI_5_Khartoum_img253.tif,2
AOI_5_Khartoum_img256.tif,0
AOI_5_Khartoum_img257.tif,0
AOI_5_Khartoum_img259.tif,2
AOI_5_Khartoum_img26.tif,3
AOI_5_Khartoum_img261.tif,2
AOI_5_Khartoum_img262.tif,0
AOI_5_Khartoum_img263.tif,0
AOI_5_Khartoum_img264.tif,1
AOI_5_Khartoum_img266.tif,0
AOI_5_Khartoum_img268.tif,3
AOI_5_Khartoum_img269.tif,3
AOI_5_Khartoum_img271.tif,2
AOI_5_Khartoum_img272.tif,1
AOI_5_Khartoum_img273.tif,0
AOI_5_Khartoum_img276.tif,0
AOI_5_Khartoum_img279.tif,3
AOI_5_Khartoum_img28.tif,1
AOI_5_Khartoum_img280.tif,0
AOI_5_Khartoum_img282.tif,0
AOI_5_Khartoum_img285.tif,1
AOI_5_Khartoum_img286.tif,1
AOI_5_Khartoum_img287.tif,0
AOI_5_Khartoum_img288.tif,2
AOI_5_Khartoum_img289.tif,1
AOI_5_Khartoum_img29.tif,0
AOI_5_Khartoum_img291.tif,1
AOI_5_Khartoum_img294.tif,1
AOI_5_Khartoum_img295.tif,1
AOI_5_Khartoum_img296.tif,1
AOI_5_Khartoum_img297.tif,0
AOI_5_Khartoum_img298.tif,3
AOI_5_Khartoum_img299.tif,2
AOI_5_Khartoum_img3.tif,1
AOI_5_Khartoum_img300.tif,1
AOI_5_Khartoum_img301.tif,3
AOI_5_Khartoum_img303.tif,0
AOI_5_Khartoum_img304.tif,1
AOI_5_Khartoum_img306.tif,0
AOI_5_Khartoum_img308.tif,0
AOI_5_Khartoum_img310.tif,0
AOI_5_Khartoum_img311.tif,2
AOI_5_Khartoum_img313.tif,0
AOI_5_Khartoum_img315.tif,0
AOI_5_Khartoum_img32.tif,0
AOI_5_Khartoum_img320.tif,0
AOI_5_Khartoum_img321.tif,0
AOI_5_Khartoum_img322.tif,2
AOI_5_Khartoum_img323.tif,3
AOI_5_Khartoum_img325.tif,1
AOI_5_Khartoum_img327.tif,3
AOI_5_Khartoum_img329.tif,3
AOI_5_Khartoum_img330.tif,0
AOI_5_Khartoum_img333.tif,3
AOI_5_Khartoum_img334.tif,2
AOI_5_Khartoum_img337.tif,0
AOI_5_Khartoum_img340.tif,2
AOI_5_Khartoum_img342.tif,3
AOI_5_Khartoum_img344.tif,1
AOI_5_Khartoum_img345.tif,3
AOI_5_Khartoum_img348.tif,3
AOI_5_Khartoum_img35.tif,0
AOI_5_Khartoum_img351.tif,0
AOI_5_Khartoum_img352.tif,3
AOI_5_Khartoum_img356.tif,2
AOI_5_Khartoum_img362.tif,3
AOI_5_Khartoum_img364.tif,0
AOI_5_Khartoum_img365.tif,2
AOI_5_Khartoum_img366.tif,1
AOI_5_Khartoum_img369.tif,2
AOI_5_Khartoum_img37.tif,0
AOI_5_Khartoum_img370.tif,3
AOI_5_Khartoum_img371.tif,0
AOI_5_Khartoum_img373.tif,2
AOI_5_Khartoum_img374.tif,0
AOI_5_Khartoum_img375.tif,1
AOI_5_Khartoum_img376.tif,2
AOI_5_Khartoum_img377.tif,2
AOI_5_Khartoum_img378.tif,2
AOI_5_Khartoum_img379.tif,1
AOI_5_Khartoum_img38.tif,3
AOI_5_Khartoum_img381.tif,0
AOI_5_Khartoum_img383.tif,1
AOI_5_Khartoum_img385.tif,0
AOI_5_Khartoum_img386.tif,2
AOI_5_Khartoum_img387.tif,3
AOI_5_Khartoum_img39.tif,1
AOI_5_Khartoum_img390.tif,3
AOI_5_Khartoum_img392.tif,0
AOI_5_Khartoum_img393.tif,0
AOI_5_Khartoum_img394.tif,0
AOI_5_Khartoum_img395.tif,1
AOI_5_Khartoum_img397.tif,1
AOI_5_Khartoum_img4.tif,3
AOI_5_Khartoum_img40.tif,1
AOI_5_Khartoum_img400.tif,0
AOI_5_Khartoum_img401.tif,1
AOI_5_Khartoum_img408.tif,0
AOI_5_Khartoum_img41.tif,3
AOI_5_Khartoum_img410.tif,3
AOI_5_Khartoum_img412.tif,2
AOI_5_Khartoum_img413.tif,1
AOI_5_Khartoum_img416.tif,0
AOI_5_Khartoum_img418.tif,3
AOI_5_Khartoum_img419.tif,3
AOI_5_Khartoum_img421.tif,1
AOI_5_Khartoum_img422.tif,1
AOI_5_Khartoum_img423.tif,2
AOI_5_Khartoum_img424.tif,0
AOI_5_Khartoum_img426.tif,2
AOI_5_Khartoum_img427.tif,1
AOI_5_Khartoum_img428.tif,3
AOI_5_Khartoum_img43.tif,1
AOI_5_Khartoum_img430.tif,2
AOI_5_Khartoum_img432.tif,3
AOI_5_Khartoum_img433.tif,1
AOI_5_Khartoum_img434.tif,0
AOI_5_Khartoum_img435.tif,2
AOI_5_Khartoum_img436.tif,3
AOI_5_Khartoum_img438.tif,2
AOI_5_Khartoum_img439.tif,1
AOI_5_Khartoum_img440.tif,1
AOI_5_Khartoum_img441.tif,3
AOI_5_Khartoum_img442.tif,3
AOI_5_Khartoum_img443.tif,2
AOI_5_Khartoum_img444.tif,1
AOI_5_Khartoum_img445.tif,3
AOI_5_Khartoum_img446.tif,0
AOI_5_Khartoum_img447.tif,1
AOI_5_Khartoum_img448.tif,2
AOI_5_Khartoum_img449.tif,3
AOI_5_Khartoum_img450.tif,0
AOI_5_Khartoum_img451.tif,3
AOI_5_Khartoum_img452.tif,0
AOI_5_Khartoum_img453.tif,3
AOI_5_Khartoum_img454.tif,0
AOI_5_Khartoum_img455.tif,1
AOI_5_Khartoum_img456.tif,1
AOI_5_Khartoum_img458.tif,2
AOI_5_Khartoum_img459.tif,2
AOI_5_Khartoum_img460.tif,2
AOI_5_Khartoum_img464.tif,0
AOI_5_Khartoum_img465.tif,2
AOI_5_Khartoum_img466.tif,2
AOI_5_Khartoum_img467.tif,2
AOI_5_Khartoum_img468.tif,0
AOI_5_Khartoum_img469.tif,2
AOI_5_Khartoum_img471.tif,3
AOI_5_Khartoum_img49.tif,1
AOI_5_Khartoum_img50.tif,0
AOI_5_Khartoum_img54.tif,3
AOI_5_Khartoum_img55.tif,3
AOI_5_Khartoum_img56.tif,1
AOI_5_Khartoum_img59.tif,0
AOI_5_Khartoum_img6.tif,1
AOI_5_Khartoum_img60.tif,0
AOI_5_Khartoum_img61.tif,3
AOI_5_Khartoum_img62.tif,1
AOI_5_Khartoum_img64.tif,1
AOI_5_Khartoum_img65.tif,1
AOI_5_Khartoum_img66.tif,3
AOI_5_Khartoum_img67.tif,1
AOI_5_Khartoum_img69.tif,0
AOI_5_Khartoum_img7.tif,2
AOI_5_Khartoum_img72.tif,3
AOI_5_Khartoum_img73.tif,3
AOI_5_Khartoum_img74.tif,0
AOI_5_Khartoum_img78.tif,1
AOI_5_Khartoum_img8.tif,2
AOI_5_Khartoum_img81.tif,2
AOI_5_Khartoum_img82.tif,2
AOI_5_Khartoum_img83.tif,3
AOI_5_Khartoum_img84.tif,3
AOI_5_Khartoum_img85.tif,2
AOI_5_Khartoum_img87.tif,3
AOI_5_Khartoum_img89.tif,3
AOI_5_Khartoum_img90.tif,3
AOI_5_Khartoum_img92.tif,2
AOI_5_Khartoum_img93.tif,0
AOI_5_Khartoum_img94.tif,2
AOI_5_Khartoum_img95.tif,1
AOI_5_Khartoum_img97.tif,3
AOI_5_Khartoum_img98.tif,1
