{
  "batch_size": 11,
  "iter_size": 1,
  "dataset_path": "/wdata",
  "folder": "2m_4fold_512_30e_d0.2_g0.2",
  "lr": 0.0001,
  "lr_steps": [20, 25],
  "lr_gamma": 0.2,
  "nb_epoch": 30,
  "num_channels": 3,
  "test_pad": 64,
  "epoch_size": 8,
  "predict_batch_size": 4,
  "results_dir": "/results",
  "target_cols": 512,
  "target_rows": 512,
  "network": "resnet34",
  "loss": {"dice": 0.2, "bce": 0.8},
  "optimizer": "adam",
  "num_classes": 1,
  "ignore_target_size": false,
  "warmup": 0
}
